Stream Crossing Id,My Crossing Reference,Watershed Group,Stream Name,Road Name,Assessment,Reassessment,Habitat Confirmation,Design,Remediation,Fish Sampling,Link Report1,Link Report2,Link Report3,Rank
2880,,Kispiox River,Mooluck Creek,Kuldo FSR,,yes,,,,,url_link,,,
2892,,Kispiox River,,,,yes,,,,,url_link,,,
3042,,Bulkley River,Barren Creek,Barren Creek FSR,,,yes,,,,url_link,,,
3054,,Bulkley River,Johnny David Creek,North road,,,yes,,,,url_link,,,
3067,,Bulkley River,Byman Creek,North Road,,yes,,,,,url_link,,,
3139,,Bulkley River,Trib to McQuarrie Creek,North Road,,,yes,,,,url_link,,,
8478,,Zymoetz River,Copper,Dennis West,,,yes,,,yes,url_link,,,
8518,,Zymoetz River,Copper,McDonnell,,yes,,,,,url_link,,,
8525,,Zymoetz River,Copper,McDonnell,,yes,yes,,,yes,url_link,url_link,,
8527,,Zymoetz River,Copper,McDonnell,,yes,,,,yes,url_link,,,
8529,,Zymoetz River,Copper,McDonnell,,yes,,,,,url_link,,,
8530,,Zymoetz River,Sandstone Creek,Mcdonell FSR,,yes,yes,yes,,yes,url_link,url_link,,
8543,,Zymoetz River,Copper,McDonnell,,,yes,,,,url_link,,,
8547,,Zymoetz River,Copper,McDonnell,,,yes,yes,,yes,url_link,,,
8551,,Zymoetz River,Copper,S.McDonnell,,yes,,,,,url_link,,,
8552,,Zymoetz River,Copper,S.McDonnell,,yes,,,,,url_link,,,
57793,,Bulkley River,Vallee Creek,Walcott Rd,,,yes,,,,url_link,,,
57944,,Bulkley River,Toboggan Creek,Highway 16,,,yes,,,,url_link,,,6
58067,,Bulkley River,Gramophone Creek,Telkwa High Rd,,yes,yes,yes,,yes,url_link,url_link,,
58151,,Bulkley River,McDowell Creek,Woodmere Road,,,yes,,,,url_link,,,
58158,,Bulkley River,McDowell Creek,Highway 16,,yes,,,,yes,url_link,,,
58159,,Bulkley River,McDowell Creek,Woodmere Nursery Road,,,yes,,yes,yes,url_link,,,
58235,,Bulkley River,Kathlyn Creek,Highway 16,,yes,,,,,url_link,,,
58245,,Bulkley River,Simpson Creek,Lake Kathlyn Road (from South end),,,yes,,,,url_link,,,
58264,,Bulkley River,Simpson Creek,Nelson Road,,,yes,,,yes,url_link,,,
123375,,Bulkley River,Tributary to Thompson Creek,Highway 16,,,yes,,,,url_link,,,
123377,,Bulkley River,Thompson Creek,Walcott Road,,yes,yes,yes,,yes,url_link,url_link,,10
123392,,Bulkley River,Lemieux Creek,Quick School Rd,,yes,,,,,url_link,,,
123393,,Bulkley River,Lemieux creek,Highway 16,,yes,,,,,url_link,,,
123426,,Bulkley River,Robin Creek,Highway 16,,yes,,,,,url_link,,,
123445,,Bulkley River,Tyhee Creek,Highway 16,,,yes,yes,,,url_link,,,
123446,,Bulkley River,Tyhee Creek,Tyee Lake Road,,,yes,,,,url_link,,,
123463,,Bulkley River,Victor Creek,Tyee Lake Road,,yes,,,,,url_link,,,
123544,,Bulkley River,McDowell Creek,Private Road,,,yes,,,,url_link,,,
123570,,Bulkley River,Miller Creek,McDonnell FSR,,yes,,,,,url_link,,,
123770,,Bulkley River,John Brown,Highway 16,,,yes,,,yes,url_link,,,9
123775,,Bulkley River,Witset Creek,Highway 16,,,yes,,,,url_link,,,
123776,,Bulkley River,Tributary to Corya Creek,Highway 16,,yes,,,,,url_link,,,
123794,,Bulkley River,Tributary to Blunt Creek,Blunt Creek FSR,,,yes,,,,url_link,,,
123795,,Bulkley River,Tributary to Blunt Creek,Blunt Creek FSR,,,yes,,,,url_link,,,
124420,,Bulkley River,Station Creek,Highway 16,,,yes,yes,,,url_link,,,1
124421,,Bulkley River,Tributary to Waterfall Creek,11th Ave,,,yes,yes,,,url_link,,,
124422,,Bulkley River,Tributary to Waterfall Creek,Highway 16,,,yes,,,,url_link,,,
124456,,Bulkley River,Waterfall Creek,Unnamed,,yes,,,,,url_link,,,
124487,,Bulkley River,Porphyryr Creek,Highway 16,,,yes,,,,url_link,,,2
124500,,Bulkley River,Helps Creek,Lawson Road,,yes,yes,yes,,yes,url_link,url_link,,
124501,,Bulkley River,Moan Creek,Lawson Road,,,yes,,,,url_link,,,
124502,,Bulkley River,Tributary to Bulkley River,Lawson Road,,yes,,,,,url_link,,,
124504,,Bulkley River,Coffin Creek,Lawson Road,,,yes,,,,url_link,,,
195288,,Bulkley River,Gibson Creek,Schnider Road,,,yes,,,,url_link,,,
195289,,Bulkley River,Deep Creek,Highway 16,,yes,,,,,url_link,url_link,,
195290,,Bulkley River,Gibson Creek,Highway 16,,,yes,,,yes,url_link,,,
195934,,Bulkley River,Stock Creek,Seinen Road,,yes,,,,,url_link,,,
195935,,Bulkley River,Stock Creek,Seinen Road,,yes,,,,,url_link,,,
195943,,Bulkley River,Stock Creek,Barrett Station Rd,,yes,yes,,,yes,url_link,url_link,,
195944,,Bulkley River,Stock Creek,Highway 16,,,yes,,,,url_link,,,
196441,,Kispiox River,Tributary to Cullon Creek,Kuldo FSR,,yes,,,,,url_link,,,
197360,,Morice River,Riddeck Creek,Morice-Owen FSR,,,yes,yes,,yes,url_link,,,1
197365,,Morice River,Tributary to Owen Creek,Morice-Owen FSR,,yes,,,,,url_link,,,
197370,,Morice River,Owen Creek,Morice West FSR,,,yes,,,,url_link,,,3
197378,,Morice River,Tributary to Owen Creek,Klate Lake,,,yes,yes,,yes,url_link,,,2
197379,,Morice River,Tributary to Owen Creek,Morice-Owen FSR,,,yes,yes,,yes,url_link,url_link,,
197640,1800092,Bulkley River,Tributary to Buck Creek,Buck Flats Road,yes,yes,yes,yes,,,url_link,url_link,,
197641,1805182,Bulkley River,Tributary to Buck Creek,Parrot FSR,yes,,,,,,url_link,,,
197642,1805455,Bulkley River,Tributary to Buck Creek,Spur off Parrot FSR,yes,,,,,,url_link,,,
197643,1805183,Bulkley River,Buck Creek,Goosley North Rd,yes,,,,,,url_link,,,
197644,1803661,Bulkley River,Tributary to Buck Creek,Spur off Parrot FSR,yes,,,,,,url_link,,,
197645,1800472,Bulkley River,Tributary to Buck Creek,Parrot FSR,yes,,,,,,url_link,,,
197646,1802520,Bulkley River,Tributary to Buck Creek,Spur off Parrot FSR,yes,,,,,,url_link,,,
197647,1804986,Bulkley River,Tributary to Buck Creek,Carrier FSR,yes,,,,,,url_link,,,
197648,1804153,Bulkley River,Tributary to Buck Creek,Balsam FSR,yes,,,,,,url_link,,,
197649,1804151,Bulkley River,Tributary to Buck Creek,Balsam FSR,yes,,,,,,url_link,,,
197650,1804851,Bulkley River,Bob Creek,Bob Creek FSR,yes,,,,,,url_link,,,
197651,1800868,Bulkley River,Tributary to Goosly Lake,Spur off Parrot FSR,yes,,,,,,url_link,,,
197652,1800077,Bulkley River,McInnes Creek,Unnamed,yes,,,,,,url_link,,,
197653,1800068,Bulkley River,Perow Creek,Perow Loop Rd,yes,,yes,,,,url_link,,,
197654,1804152,Bulkley River,Tributary to Buck Creek,Balsam FSR,yes,,,,,,url_link,,,
197655,1800073,Bulkley River,McInnes Creek,Highway 16,yes,,,,,,url_link,,,
197656,1800071,Bulkley River,Tributary to Bulkley River,Highway 16,yes,,,,,,url_link,,,
197657,1800064,Bulkley River,Perow Creek,Highway 16,yes,yes,,,,,url_link,,,
197658,1800062,Bulkley River,Byman Creek,Highway 16,yes,,yes,,,,url_link,,,
197659,1800066,Bulkley River,Perow Creek,CN Railway,yes,,,,,,url_link,,,
197660,1805595,Bulkley River,Byman Creek,CN Railway,yes,,,,,,url_link,,,
197661,2020082701,Bulkley River,Perow Creek,Perow Station Rd,yes,,,,,,url_link,,,
197662,1800060,Bulkley River,Richfield Creek,Highway 16,yes,,yes,,,yes,url_link,url_link,,
197663,1800213,Bulkley River,Johnny David Creek,Highway 16,yes,,yes,,,yes,url_link,,,
197664,1801069,Bulkley River,Barren Creek,Highway 16,yes,,yes,,,,url_link,,,
197665,1800076,Bulkley River,Barren Creek,CN Railway,yes,,yes,,,,url_link,,,
197666,2020083101,Bulkley River,Helps Creek,CN Railway,yes,,,,,,url_link,,,
197667,1805606,Bulkley River,Moan Creek,CN Railway,yes,,yes,,,,url_link,,,
197668,1805608,Bulkley River,Coffin Creek,CN Railway,yes,,yes,,,,url_link,,,
197669,14000079,Morice River,Riddeck Creek,Private,yes,,,,,,url_link,,,
197900,1805532,Bulkley River,Crow Creek,CN Railway,yes,,,,,,url_link,,,
197901,1801185,Bulkley River,Crow Creek,Private,yes,,,,,,url_link,,,
197902,1800360,Bulkley River,Tributary to Bulkley River,Rose Lake Cuttoff Road,yes,,,,,,url_link,,,
197903,1800180,Bulkley River,Tributary to Bulkley River,Rose Lake Cuttoff Road,yes,,,,,,url_link,,,
197904,1800372,Bulkley River,Tributary to Bulkley River,Crow Creek Road,yes,,,,,,url_link,,,
197905,1803682,Bulkley River,Crow Creek,Maxan Creek FSR,yes,,,,,,url_link,,,
197906,1803706,Bulkley River,Tributary to Maxan Creek,Maxan Creek FSR,yes,,,,,,url_link,,,
197907,1802611,Bulkley River,Tributary to Maxan Creek,Maxan Creek FSR,yes,,,,,,url_link,,,
197908,1803697,Bulkley River,Tributary to Maxan Creek,Maxan Creek FSR,yes,,,,,,url_link,,,
197909,1804693,Bulkley River,Tributary to Maxan Creek,Maxan Creek FSR,yes,,yes,,,,url_link,,,
197910,1804694,Bulkley River,Tributary to Maxan Creek,Spur 30,yes,,,,,,url_link,,,
197911,2021083003,Bulkley River,Foxy Creek,unnamed,yes,,,,,,url_link,,,
197912,1802106,Bulkley River,Robert Hatch Creek,Private,yes,,yes,,yes,yes,url_link,,,
197913,1802088,Bulkley River,Robert Hatch Creek,Private,yes,,,,,,url_link,,,
197914,1802089,Bulkley River,Johnny David Creek,Private,yes,,,,,,url_link,,,
197915,14000613,Morice River,Tributary to Gosnell Creek,,yes,,,,,,url_link,,,
197916,14000621,Morice River,Tributary to Gosnell Creek,Crystal Creek FSR,yes,,,,,,url_link,,,
197917,14000614,Morice River,Tributary to Gosnell Creek,Crystal Creek FSR,yes,,,,,,url_link,,,
197918,14000944,Morice River,Tributary to Gosnell Creek,Crystal Creek FSR,yes,,,,,,url_link,,,
197919,14001249,Morice River,Tributary to Gosnell Creek,Spur,yes,,,,,,url_link,,,
197920,14000725,Morice River,Tributary to Gosnell Creek,Crystal Creek FSR,yes,,,,,,url_link,,,
197921,14001542,Morice River,Tributary to Gosnell Creek,Spur,yes,,,,,,url_link,,,
197922,14000828,Morice River,Tributary to Gosnell Creek,Spur,yes,,,,,,url_link,,,
197923,14000949,Morice River,Tributary to Gosnell Creek,Crystal Creek FSR,yes,,,,,,url_link,,,
197924,14000954,Morice River,Tributary to Gosnell Creek,Crystal Creek FSR,yes,,,,,,url_link,,,
197925,14000908,Morice River,Tributary to Gosnell Creek,,yes,,,,,,url_link,,,
197926,14001002,Morice River,Tributary to Morice River,Morice West FSR,yes,,,,,,url_link,,,
197927,14001000,Morice River,Tributary to Morice River,Morice West FSR,yes,,,,,,url_link,,,
197928,14000997,Morice River,Tributary to Morice River,Morice West FSR,yes,,,,,,url_link,,,
197929,14000988,Morice River,Tributary to Morice River,Morice West FSR,yes,,,,,,url_link,,,
197930,14000931,Morice River,Tributary to Nanika River,Spur,yes,,,,,,url_link,,,
197931,14000932,Morice River,Tributary to Nanika River,Spur,yes,,,,,,url_link,,,
197932,14001721,Morice River,Tributary to Nanika River,Spur,yes,,,,,,url_link,,,
197933,14001775,Morice River,Tributary to Nanika River,Spur,yes,,,,,,url_link,,,
197934,14001414,Morice River,Tributary to Nanika River,Spur,yes,,,,,,url_link,,,
197935,14001411,Morice River,Tributary to Nanika River,Spur,yes,,,,,,url_link,,,
197936,2021090299,Morice River,,Spur,yes,,,,,,url_link,,,
197937,14000536,Morice River,Tributary to Nanika River,Spur,yes,,,,,,url_link,,,
197938,2021083150,Bulkley River,Bulkley River Side Channel,Railway,yes,,,,,,url_link,,,
197939,2021090202,Morice River,Tributary to McBride River,Spur,yes,,,,,,url_link,,,
197940,14000312,Morice River,Tributary to McBride River,Spur,yes,,,,,,url_link,,,
197941,14000477,Morice River,Tributary to McBride River,Spur,yes,,,,,,url_link,,,
197942,14000564,Morice River,Tributary to Thaulit River,Chisholm FSR,yes,,,,,,url_link,,,
197943,14000689,Morice River,Hagman Creek,Chisholm FSR,yes,,,,,,url_link,,,
197944,14000695,Morice River,Tributary to Thaulit River,Chisholm FSR,yes,,,,,,url_link,,,
197945,14000684,Morice River,Tributary to Thaulit River,Chisholm FSR,yes,,,,,,url_link,,,
197946,14000678,Morice River,Foxy Creek,Chisholm FSR,yes,,,,,,url_link,,,
197947,14000680,Morice River,Tributary to Morice River,Chisholm FSR,yes,,,,,,url_link,,,
197948,14001323,Morice River,Tributary to Tagit Creek,15 Rd,yes,,,,,,url_link,,,
197949,2021090303,Morice River,Tributary to Tagit Creek,11 Rd,yes,,yes,,,,url_link,,,
197950,2021090399,Morice River,Tagit Creek,Chisholm FSR,yes,,,,,,url_link,,,
197951,14001177,Morice River,Tributatry to Morice River,False Tagit FSR,yes,,,,,,url_link,,,
197952,14000690,Morice River,Tributary to Morice River,Chisholm FSR,yes,,,,,,url_link,,,
197953,14001563,Morice River,Tributary to Morice River,Spur,yes,,,,,,url_link,,,
197954,14000696,Morice River,Tributary to Morice River,Chisholm FSR,yes,,,,,,url_link,,,
197955,1800422,Bulkley River,Ailport Creek,Powerline,yes,,,,,,url_link,,,
197956,1801133,Bulkley River,Tributary to Bulkley River,Spur,yes,,,,,,url_link,,,
197957,1801969,Bulkley River,Tributary to Elwin Lake,Spur,yes,,,,,,url_link,,,
197958,1803828,Bulkley River,Tributary to Bulkley River,Spur,yes,,,,,,url_link,,,
197959,1804238,Bulkley River,Tributary to Bulkley River,Spur,yes,,,,,,url_link,,,
197960,24704566,Bulkley River,Corya Creek,CN Railway,yes,,yes,,,yes,url_link,,,3
197961,1805496,Bulkley River,Owens Creek,CN Railway,yes,,,,,,url_link,,,
197962,14000798,Morice River,Peacock Creek,Morice FSR,yes,,yes,,yes,yes,url_link,,,5
197963,1805531,Bulkley River,Tributary to Bulkley River,Railway,yes,,,,,,url_link,,,
197964,1805529,Bulkley River,Bulkley River,Railway,yes,,,,,,url_link,,,
197965,14000820,Morice River,Tributary to Collins Lake,Morice R FSR,yes,,,,,,url_link,,,
197966,1800049,Bulkley River,Bulkley River,Rose Lake Cuttoff Road,yes,,,,,,url_link,,,
197967,1800050,Bulkley River,Taman Creek,Highway 16,yes,yes,yes,,yes,,url_link,url_link,,4
197968,1801117,Bulkley River,Bulkley River,Spur,yes,,,,,,url_link,,,
197969,1800583,Bulkley River,Bulkley River,Raymond Road,yes,,,,,,url_link,,,
197970,1803813,Bulkley River,Tributary to Broman Lake,Broman Lake FSR,yes,,,,,,url_link,,,
197971,1805000,Bulkley River,Bulkley River,Broman Lake FSR,yes,,,,,,url_link,,,
197972,1802040,Bulkley River,Tributary to Broman Lake,Powerline,yes,,,,,,url_link,,,
197973,1802039,Bulkley River,Bulkley River,Powerline,yes,,,,,,url_link,,,
197974,1800356,Bulkley River,Watson Creek,Highway 16,yes,,yes,,,,url_link,,,
197975,1801122,Bulkley River,Ailport Creek,Private Driveway,yes,,yes,,,yes,url_link,,,7
197976,1800355,Bulkley River,Ailport Creek,Highway 16,yes,,yes,,,,url_link,,,
197977,2021090150,Morice River,Tributary to Gosnell Creek,Crystal Creek FSR,yes,,,,,,url_link,,,
197978,14000935,Morice River,Tributary to Gosnell Creek,Crystal Creek FSR,yes,,,,,,url_link,,,
197979,14000934,Morice River,Tributary to Gosnell Creek,Crystal Creek FSR,yes,,,,,,url_link,,,
197980,14000956,Morice River,Tributary to Gosnell Creek,Crystal Creek FSR,yes,,,,,,url_link,,,
197981,14000951,Morice River,Tributary to Gosnell Creek,Crystal Creek FSR,yes,,,,,,url_link,,,
197982,14000941,Morice River,Tributary to Gosnell Creek,Crystal Creek FSR,yes,,,,,,url_link,,,
197983,14000488,Morice River,Tributary to Gosnell Creek,Crystal Creek FSR,yes,,,,,,url_link,,,
197984,14000503,Morice River,Tributary to Gosnell Creek,6 Road,yes,,,,,,url_link,,,
197985,14000500,Morice River,Tributary to Gosnell Creek,6 Road,yes,,,,,,url_link,,,
197986,14000495,Morice River,Tributary to Gosnell Creek,6 Road,yes,,,,,,url_link,,,
197987,14000421,Morice River,Tributary to Gosnell Creek,11 Road,yes,,,,,,url_link,,,
197988,14000505,Morice River,Tributary to Gosnell Creek,6 Road,yes,,,,,,url_link,,,
197989,14000801,Morice River,Tributary to Morice River,Morice FSR,yes,,,,,,url_link,,,
197990,14000490,Morice River,Tributary to Gosnell Creek,6 Road,yes,,,,,,url_link,,,
197991,14000506,Morice River,Tributary to Gosnell Creek,6 Road,yes,,,,,,url_link,,,
197992,2021090161,Morice River,Tributary to Gosnell Creek,6 Road,yes,,,,,,url_link,,,
197993,14000494,Morice River,Tributary to Gosnell Creek,6 Road,yes,,,,,,url_link,,,
197994,14000481,Morice River,Tributary to Gosnell Creek,6 Road,yes,,,,,,url_link,,,
197995,14000486,Morice River,Tributary to Gosnell Creek,6 Road,yes,,,,,,url_link,,,
197996,14000487,Morice River,Tributary to Gosnell Creek,6 Road,yes,,,,,,url_link,,,
197997,14000492,Morice River,Tributary to Gosnell Creek,6 Road,yes,,,,,,url_link,,,
197998,14000507,Morice River,Tributary to Gosnell Creek,6 Road,yes,,,,,,url_link,,,
197999,14001125,Morice River,Tributary to Gosnell Creek,6 Road,yes,,,,,,url_link,,,
198000,14001161,Morice River,McBride Creek,Nanika FSR,yes,,yes,,,,url_link,,,
198001,14000576,Morice River,Tributary to Nanika River,Spur,yes,,,,,,url_link,,,
198002,14001009,Morice River,Tributary to Nanika River,9 Road,yes,,,,,,url_link,,,
198003,14000582,Morice River,Tributary to Nanika River,Nanika FSR,yes,,,,,,url_link,,,
198004,14001163,Morice River,Tributary to Nanika River,Nanika FSR,yes,,,,,,url_link,,,
198005,14001078,Morice River,Tributary to Nanika River,Spur,yes,,,,,,url_link,,,
198006,14001080,Morice River,Tributary to Nanika River,Spur,yes,,,,,,url_link,,,
198007,14001077,Morice River,Tributary to Nanika River,Spur,yes,,,,,,url_link,,,
198008,14000865,Morice River,Tributary to Nanika River,Spur,yes,,yes,,,,url_link,,,
198009,14000535,Morice River,Tributary to Nanika River,1 Road,yes,,,,,,url_link,,,
198010,14000450,Morice River,Tributary to Nanika River,4 Road,yes,,,,,,url_link,,,
198011,14000443,Morice River,Tributary to Nanika River,4 Road,yes,,,,,,url_link,,,
198012,14001052,Morice River,Tributary to McBride River,Morice FSR,yes,,,,,,url_link,,,
198013,14000777,Morice River,Tributary to McBride River,Morice FSR,yes,,,,,,url_link,,,
198014,14000779,Morice River,Tributary to McBride River,Morice FSR,yes,,,,,,url_link,,,
198015,14000565,Morice River,Tributary to Thautil River,Chisholm FSR,yes,,,,,,url_link,,,
198016,14000562,Morice River,Tributary to Thautil River,Chisholm FSR,yes,,yes,,,,url_link,,,
198017,14000702,Morice River,Tributary to Thautil River,Chisholm FSR,yes,,,,,,url_link,,,
198018,14000685,Morice River,Tributary to Thautil River,Chisholm FSR,yes,,,,,,url_link,,,
198019,14000669,Morice River,Tributary to Thautil River,Chisholm FSR,yes,,,,,,url_link,,,
198020,14000688,Morice River,Tributary to Thautil River,Chisholm FSR,yes,,,,,,url_link,,,
198021,14000546,Morice River,Tagit Creek,Spur,yes,,,,,,url_link,,,
198022,14001769,Morice River,Tributary to Tagit Creek,5 Road,yes,,yes,,,yes,url_link,,,
198023,14001103,Morice River,Tributary to Tagit Creek,5 Road,yes,,,,,,url_link,,,
198024,14001175,Morice River,Tributary to Tagit Creek,False Tagit FSR,yes,,,,,,url_link,,,
198025,14000677,Morice River,Tributary to Thautil River,Chisholm FSR,yes,,,,,,url_link,,,
198026,14000697,Morice River,Tributary to Thautil River,Chisholm FSR,yes,,,,,,url_link,,,
198027,14000692,Morice River,Tributary to Thautil River,Chisholm FSR,yes,,,,,,url_link,,,
198028,14000683,Morice River,Tributary to Thautil River,Chisholm FSR,yes,,,,,,url_link,,,
198029,14000694,Morice River,Tributary to Thautil River,Chisholm FSR,yes,,,,,,url_link,,,
198030,14000823,Morice River,Tributary to Lamprey Creek,Morice FSR,yes,,,,,,url_link,,,
198031,1801166,Bulkley River,Cesford Creek,Spur,yes,,,,,,url_link,,,
198032,1801165,Bulkley River,McRea Creek,Spur,yes,,,,,,url_link,,,
198033,14000395,Morice River,Tributary to Gabriel Creek,Thautil FSR,yes,,,,,,url_link,,,
198034,14000994,Morice River,Tributary to Thautil River,Thautil FSR,yes,,,,,,url_link,,,
198035,14000398,Morice River,Tributary to Gabriel Creek,Thautil FSR,yes,,,,,,url_link,,,
198036,14000377,Morice River,Tributary to Thaultil River,Thautil FSR,yes,,,,,,url_link,,,
198037,14000375,Morice River,Tributary to Thautil River,Thautil FSR,yes,,,,,,url_link,,,
198038,14000382,Morice River,Tributary to Thautil River,Thautil FSR,yes,,,,,,url_link,,,
198039,14000379,Morice River,Tributary to Thautil River,Thautil FSR,yes,,,,,,url_link,,,
198040,14000882,Morice River,Tributary to Morice River,Spur,yes,,,,,,url_link,,,
198041,1802760,Bulkley River,Deep Creek,Spur,yes,,,,,,url_link,,,
198042,1805553,Bulkley River,Toboggan Creek,CN Railway,yes,,,,,,url_link,,,
198043,24704568,Bulkley River,John Brown,Powerline,yes,,,,,,url_link,,,
198044,1805573,Bulkley River,Tributary to Toboggan Creek,Railway,yes,,,,,,url_link,,,
198045,1805549,Bulkley River,Elliot Creek,CN Railway,yes,,,,,,url_link,,,
198046,2021091650,Bulkley River,Tributary to Waterfall Creek,,yes,,,,,,url_link,,,
198047,1801773,Bulkley River,Boulder Creek,Unnamed,yes,,,,,,url_link,,,
198048,1800048,Bulkley River,Cesford Creek,Highway 16,yes,,yes,,,,url_link,,,
198049,1800193,Bulkley River,Cesford Creek,Highway 118,yes,,yes,,,,url_link,,,
198050,14000394,Morice River,Tributary to Thautil River,Thautil FSR,yes,,,,,,url_link,,,
198051,14001409,Morice River,Tributary to Thautil River,Spur,yes,,,,,,url_link,,,
198052,14001468,Morice River,Tributary to Thautil River,Spur,yes,,,,,,url_link,,,
198053,14000399,Morice River,Tributary to Gabriel Creek,Thautil FSR,yes,,,,,,url_link,,,
198054,14001432,Morice River,Gabriel Creek,Thautil FSR,yes,,,,,,url_link,,,
198055,14000381,Morice River,Tributary to Thautil River,Thautil FSR,yes,,,,,,url_link,,,
198056,14000389,Morice River,Tributary to Thautil River,Thautil FSR,yes,,,,,,url_link,,,
198057,14000383,Morice River,Tributary to Gabriel Creek,Thautil FSR,yes,,,,,,url_link,,,
198058,14000390,Morice River,Tributary to Gabriel Creek,Thautil FSR,yes,,,,,,url_link,,,
198059,14000392,Morice River,Tributary to Gabriel Creek,Thautil FSR,yes,,,,,,url_link,,,
198060,14000718,Morice River,Tributary to Owen Creek,Morice-Owen FSR,yes,,,,,,url_link,,,
198061,14000796,Morice River,Fenton Creek,Morice-West FSR,yes,,,,,,url_link,,,
198062,14000991,Morice River,Tributary to Morice River,Morice-West FSR,yes,,,,,,url_link,,,
198063,14000764,Morice River,Tsiyuh Creek,Morice River FSR,yes,,,,,,url_link,,,
198064,14001094,Morice River,Tributary to Lamprey Creek,Spur,yes,,yes,,,,url_link,,,
198065,1800191,Bulkley River,Watson Creek,Montgomery Road,yes,,,,,,url_link,,,
198066,1802488,Bulkley River,Thompson Creek,Private Road,yes,,yes,,,,url_link,,,
198067,14000804,Morice River,Tributary to Lamprey Creek,Morice R FSR,yes,,,,,,url_link,,,
198068,14000815,Morice River,Tributary to Lamprey Creek,Morice R FSR,yes,,,,,,url_link,,,
198069,14000256,Morice River,Tributary to Collins Lake,Morice Nado,yes,,,,,,url_link,,,
198070,14001029,Morice River,Tributary to Lamprey Creek,7 Road,yes,,,,,,url_link,,,
198071,14000022,Morice River,Tributary to Collins Lake,spur Morice Nado,yes,,,,,,url_link,,,
198072,14000892,Morice River,Tributary to Lamprey Creek,Spur,yes,,,,,,url_link,,,
198073,14000322,Morice River,Tributary to Collins Lake,spur Morice Nado,yes,,,,,,url_link,,,
198074,14000967,Morice River,Tributary to Lamprey Creek,08 Road,yes,,,,,,url_link,,,
198075,14001624,Morice River,Tributary to Collins Lake,Spur,yes,,,,,,url_link,,,
198076,14000593,Morice River,Tributary to Lamprey Creek,Spur,yes,,,,,,url_link,,,
198077,24740003,Morice River,Tributary to Lamprey Creek,Bill Nye spur,yes,,,,,,url_link,,,
198078,14000897,Morice River,Tributary to Lamprey Creek,Bill Nye spur,yes,,,,,,url_link,,,
198079,14000890,Morice River,Tributary to Lamprey Creek,Spur,yes,,,,,,url_link,,,
198080,14000894,Morice River,Tributary to Lamprey Creek,Spur,yes,,,,,,url_link,,,
198081,14000592,Morice River,Tributary to Lamprey Creek,07 Road,yes,,,,,,url_link,,,
198082,14001062,Morice River,Tributary to Lamprey Creek,Bill Nye,yes,,,,,,url_link,,,
198083,14001112,Morice River,Tributary to Lamprey Creek,11 Road,yes,,,,,,url_link,,,
198084,14000968,Morice River,Tributary to Lamprey Creek,Spur,yes,,,,,,url_link,,,
198085,14000799,Morice River,Tributary to Lamprey Creek,Morice FSR,yes,,,,,,url_link,,,
198086,14001170,Morice River,Tributary to Lamprey Creek,spur (overgrown),yes,,,,,,url_link,,,
198087,14000453,Bulkley River,Tributary to Nanika River,Cutthroat 1,yes,,,,,,url_link,,,
198088,14000196,Morice River,Tributary to Collins Lake,Spur,yes,,,,,,url_link,,,
198089,14000217,Morice River,Tributary to Collins Lake,Morice R FSR,yes,,,,,,url_link,,,
198090,2021090551,Bulkley River,Cesford Creek,CN Railway,yes,,yes,,,,url_link,,,8
198109,1801071,Bulkley River,Perow Creek,Transmission Line,yes,,,,,,url_link,,,
198110,2022083050,Bulkley River,Stock Creek,Private,yes,,,,,,url_link,,,
198111,1802798,Bulkley River,Coffin Creek,Spur,yes,,,,,,url_link,,,
198112,1805507,Bulkley River,Stock Creek,CN Railway,yes,,,,,,url_link,,,
198113,1802069,Bulkley River,Johnny David Creek,Spur,yes,,,,,,url_link,,,
198114,2022083001,Bulkley River,Stock Creek,Private,yes,,,,,,url_link,,,
198115,2022091001,Bulkley River,Waterfall Creek,13 Avenue,yes,,,,,,url_link,,,
198116,2022091002,Bulkley River,Tributary to Waterfall Creek,Highway 16,yes,,yes,,,,url_link,,,
198117,2022091003,Bulkley River,Waterfall Creek,9th Avenue,yes,,,,,,url_link,,,
198180,8301039,Kispiox River,Tributary to Kispiox River,Helen 900 FSR,yes,,,,,,url_link,,,
198181,8302422,Kispiox River,Tributary to Kispiox River,Helen 900 FSR,yes,,,,,,url_link,,,
198182,8302064,Kispiox River,Tributary to Kispiox River,Helen Lake Rd,yes,,,,,,url_link,,,
198183,8302070,Kispiox River,Tributary to Kispiox River,Helen Lake Rd,yes,,,,,,url_link,,,
198184,8302074,Kispiox River,Tributary to Kispiox River,Helen Lake Rd,yes,,,,,,url_link,,,
198185,8300115,Kispiox River,Trib to McCully Creek,Helen Lake Rd,yes,,,,,,url_link,,,
198186,8300162,Kispiox River,Tributary to Kispiox River,Poplar Park Rd,yes,,,,,,url_link,,,
198187,2798180,Kispiox River,Tributary to Kispiox River,Poplar Park Rd,yes,,,,,,url_link,,,
198188,8300161,Kispiox River,Tributary to Kispiox River,Poplar Park Rd,yes,,,,,,url_link,,,
198189,8300124,Kispiox River,Tributary to Footsore Lake,Kispiox Valley Rd,yes,,,,,,url_link,,,
198190,8302683,Kispiox River,Sweetie River,Nangeese FSR,yes,,,,,,url_link,,,
198191,8302061,Kispiox River,Tributary to Kispiox River,Corral Main,yes,,,,,,url_link,,,
198192,8302062,Kispiox River,Tributary to Kispiox River,Corral Main,yes,,,,,,url_link,,,
198193,8301747,Kispiox River,Tributary to Cullon Creek,Kuldo FSR,yes,,,,,,url_link,,,
198194,8301750,Kispiox River,Tributary to Cullon Creek,Kuldo FSR,yes,,,,,,url_link,,,
198195,8301761,Kispiox River,Tributary to Cullon Creek,Kuldo FSR,yes,,,,,,url_link,,,
198196,8300186,Kispiox River,Tributary to Kispiox River,Kispiox Westside Rd,yes,,,,,,url_link,,,
198197,8300105,Kispiox River,Tributary to Kispiox River,Kispiox Valley Rd,yes,,,,,,url_link,,,
198198,8300104,Kispiox River,Tributary to Kispiox River,Kispiox Valley Rd,yes,,,,,,url_link,,,
198199,8300103,Kispiox River,Tributary to Kispiox River,Kispiox Valley Rd,yes,,,,,,url_link,,,
198200,8300012,Kispiox River,Tributary to Kitwanga River,Moore Rd,yes,,,,,,url_link,,,
198201,8300917,Kispiox River,Tributary to Kitwanga River,Moore Rd,yes,,,,,,url_link,,,
198202,8300188,Kispiox River,Tributary to Kitwanga River,Hwy 37,yes,,,,,,url_link,,,
198203,2022090901,Kispiox River,Tributary to Kitwanga River,Kitwancool Branch 2 FSR,yes,,,,,,url_link,,,
198204,8302421,Kispiox River,Tributary to Kispiox River,Helen 9000,yes,,,,,,url_link,,,
198205,8302065,Kispiox River,Tributary to Kispiox River,Helen Lake Rd,yes,,,,,,url_link,,,
198206,8300118,Kispiox River,Tributary to McCully Creek,Helen Lake Rd,yes,,,,,,url_link,,,
198207,2022090501,Kispiox River,Tributary to Kispiox River,Poplar Park Rd,yes,,,,,,url_link,,,
198208,8300030,Kispiox River,Tributary to Sweetin River,Kispiox Valley Rd,yes,,,,,,url_link,,,
198209,8300111,Kispiox River,Tributary to Kispiox River,Kispiox Valley Rd,yes,,,,,,url_link,,,
198210,8302403,Kispiox River,Tributary to Kispiox River,Mitten Mainline,yes,,,,,,url_link,,,
198211,8302407,Kispiox River,Tributary to Kispiox River,Mitten Mainline,yes,,,,,,url_link,,,
198212,8301754,Kispiox River,Trib to Cullon Creek,Kuldo FSR,yes,,,,,,url_link,,,
198213,8301749,Kispiox River,Tributary to Cullon Creek,Kuldo FSR,yes,,,,,,url_link,,,
198214,8301748,Kispiox River,Tributary to Cullon Creek,Kuldo FSR,yes,,,,,,url_link,,,
198215,8300042,Kispiox River,Dale Creek,Kispiox Westside Rd,yes,yes,yes,,,yes,url_link,url_link,,1
198216,8300054,Kispiox River,Tributary to Skeena River,Kispiox Valley Rd,yes,,yes,,,,url_link,,,4
198217,8301485,Kispiox River,Tributary to Skeena River,Sik-e-dakh Water Tower Rd,yes,yes,yes,yes,yes,yes,url_link,url_link,url_link,
198218,2787053,Kispiox River,Tributary to Kispiox River,Kispiox Valley Rd,yes,,,,,,url_link,,,
198219,8300033,Kispiox River,Tributary to Kispiox River,Seventeen Mile Rd,yes,,,,,,url_link,,,
198220,8300095,Kispiox River,Tea Creek,Hwy 37,yes,,yes,,,,url_link,,,4
198221,8300178,Kispiox River,Tributary to Kitwanga River,11A Ave,yes,,,,,,url_link,,,
198222,8302257,Kispiox River,Pinenut Creek,Babine Slide FSR,yes,,yes,,,,url_link,,,
198223,8300238,Kispiox River,Pinenut Creek,Spur,yes,,,,,,url_link,,,
198224,4601067,Zymoetz River,Tributary to Zymoetz River,Hankin FSR,yes,,,,,,url_link,,,
198225,8300128,Kispiox River,Sterritt creek,Babine Slide FSR,yes,yes,yes,,,,url_link,url_link,,
198226,4709789,Kispiox River,Mtcutcheon creek,Babine Slide FSR,yes,,,,,,url_link,,,
198227,24709790,Kispiox River,Tributary to Skeena River,Babine Slide FSR,yes,,,,,,url_link,,,
198228,8302244,Kispiox River,Tributary to Skeena River,Babine Slide FSR,yes,,,,,,url_link,,,
198229,8300390,Kispiox River,Tributary to McCully Creek,Spur,yes,,,,,,url_link,,,
198230,8300108,Kispiox River,Trib to Sammon Lake,Kispiox Valley Rd,yes,,,,,,url_link,,,
198231,8302755,Kispiox River,Tributary to Nangeese River,Hodder,yes,,,,,,url_link,,,
198232,8302410,Kispiox River,Tributary to Kispiox River,Mitten Mainline,yes,,,,,,url_link,,,
198233,8302779,Kispiox River,Trib to Cullon Creek,Cullon Main,yes,,,,,,url_link,,,
198234,8301892,Kispiox River,Trib to Carrigan Creek,Skeena Carrigan FSR,yes,,,,,,url_link,,,
198235,8302212,Kispiox River,Kitwanga River,Spur,yes,,,,,,url_link,,,
198236,8301994,Kispiox River,Tributary to Kitwanga River,Kitwancool Branch 2 FSR,yes,,yes,,,,url_link,,,
198237,4600909,Zymoetz River,Tributary to Zymoetz River,McDonnell Lake FSR,yes,,,,,,url_link,,,
198238,4600907,Zymoetz River,Henderson Creek,McDonnell Lake FSR,yes,,,,,,url_link,,,
198239,4742005,Zymoetz River,White Swan Creek,McDonnell Lake FSR,yes,,,,,,url_link,,,
198240,8300090,Kispiox River,Trib to Kitwanga river,Highway 37,yes,,,,,,url_link,,,
198906,8300003,Kispiox River,Chicago Creek,Highway 16,yes,,,,,,url_link,,,
198907,8300013,Kispiox River,Gershwin Creek,Braucher Rd,yes,,,,,,url_link,,,
198908,8300091,Kispiox River,Tributary to Skeena River,Aldous St,yes,,,,,,url_link,,,
198909,8300094,Kispiox River,Comeau Creek,Highway 16,yes,,,,,,url_link,,,
198910,8300157,Kispiox River,Shandilla Creek,Highway 16,yes,,,,,,url_link,,,
198911,8300756,Kispiox River,Tributary to Skeena River,Highway 16,yes,,,,,,url_link,,,
198912,8300759,Kispiox River,Tributary to Chicago Creek,Highway 16,yes,,,,,,url_link,,,
198913,8300872,Kispiox River,Tributary to Gershwin Creek,Highway 16,yes,,yes,,,yes,url_link,,,
198914,8300970,Kispiox River,Andimaul Creek,Highway 16,yes,,,,,,url_link,,,
198915,8302868,Kispiox River,Chicago Creek,Railway,yes,,,,,,url_link,,,
198916,8302869,Kispiox River,Gershwin Creek,Railway,yes,,yes,,,yes,url_link,,,2
198917,8800020,Kalum River,Tributary to Skeena River,Cedarvale Rd,yes,,,,,,url_link,,,
198918,8800026,Kalum River,Singlehurst Creek,Highway 16,yes,,,,,,url_link,,,
198919,8800047,Kalum River,Singlehurst Creek,Singlehurst Rd,yes,,,,,,url_link,,,
198920,8800056,Kalum River,Noble Five Creek,Highway 16,yes,,,,,,url_link,,,
198921,8800070,Kalum River,Fall Creek,Highway 16,yes,,,,,,url_link,,,
198922,8800072,Kalum River,Tributary to Skeena River,Highway 16,yes,,,,,,url_link,,,
198923,8800076,Kalum River,Flint Creek,Highway 16,yes,,,,,,url_link,,,
198924,8800130,Kalum River,Tributary to Skeena River,Highway 16,yes,,,,,,url_link,,,
198925,8800140,Kalum River,Tributary to Skeena River,Highway 16,yes,,,,,,url_link,,,
198926,8800144,Kalum River,Tributary to Skeena River,Highway 16,yes,,,,,,url_link,,,
198927,8800149,Kalum River,Tributary to Skeena River,Highway 16,yes,,,,,,url_link,,,
198928,8801343,Kalum River,Tributary to Skeena River,Highway 16,yes,,,,,,url_link,,,
198929,8801347,Kalum River,Tributary to Skeena River,Highway 16,yes,,,,,,url_link,,,
198930,8801379,Kalum River,Tributary to Skeena River,Highway 16,yes,,,,,,url_link,,,
198931,8801406,Kalum River,Tributary to Skeena River,Highway 16,yes,,,,,,url_link,,,
198932,8801409,Kalum River,Tributary to Skeena River,Highway 16,yes,,,,,,url_link,,,
198933,8801991,Kalum River,Fall Creek,Spur,yes,,,,,,url_link,,,
198934,14000571,Morice River,Tributary to Houston Tommy Creek,Spur,yes,,yes,,,,url_link,,,
198935,14000575,Morice River,Tributary to Morice River,Gold Creek FSR,yes,,yes,,,yes,url_link,,,
198936,14000637,Morice River,Tributary to Morice River,Gold Creek FSR,yes,,,,,,url_link,,,
198937,14000638,Morice River,Tributary to Morice River,Gold Creek FSR,yes,,,,,,url_link,,,
198938,14000707,Morice River,Wrinch Creek,Morice-Owen FSR,yes,,,,,,url_link,,,
198939,14000708,Morice River,Emil Creek,Morice-Owen FSR,yes,,,,,,url_link,,,
198940,14000855,Morice River,Tributary to Morice River,Knapper Rd,yes,,yes,,,,url_link,,,
198941,14001105,Morice River,Tributary to Houston Tommy Creek,Holland Rd,yes,,,,,,url_link,,,
198942,14001106,Morice River,Tributary to Houston Tommy Creek,Holland Rd,yes,,yes,,,,url_link,,,
198943,24600461,Zymoetz River,Tributary to McDonell Lake,Spur,yes,,,,,,url_link,,,
198944,24601268,Zymoetz River,Tributary to Zymoetz River,Dennis West FSR,yes,,,,,,url_link,,,
198945,24601275,Zymoetz River,Tributary to McDonell Lake,Denis West FSR,yes,,,,,,url_link,,,
198946,24601279,Zymoetz River,Tributary to McDonell Lake,Dennis West FSR,yes,,,,,,url_link,,,
198947,24601280,Zymoetz River,Tributary to Zymoetz River,Dennis West FSR,yes,,yes,,,,url_link,,,
198948,2023092701,Morice River,Tributary to Tagit Creek,9946-27 Rd,yes,,,,,,url_link,,,
203122,1805555,Bulkley River,Simpson Creek,Railway,yes,,yes,,,,url_link,,,
203123,8300088,Kispiox River,Tributary to Gershwin Creek,Cormeau Road,yes,,,,,,url_link,,,
203124,8300015,Kispiox River,Tributary to Gershwin Creek,Comeau Road,yes,,,,,,url_link,,,
203125,2024092550,Kispiox River,Gershwin creek,Private property,yes,,,,,,url_link,,,
203126,2024092003,Bulkley River,Simpson Creek,Private driveway,yes,,,,,,url_link,,,
203127,2024092001,Bulkley River,Simpson Creek,Private driveway,yes,,,,,,url_link,,,
203128,2024092002,Bulkley River,Simpson Creek,Whalen Road,yes,,,,,,url_link,,,
203129,2024092501,Kispiox River,Gershwin Creek,Private,yes,,,,,,url_link,,,
203130,2024092751,Bulkley River,Simpson creek,Transmission line road,yes,,,,,,url_link,,,