folder,value,photo_name,photo_name_length
58245,/Users/lucy/Library/CloudStorage/OneDrive-Personal/Projects/2024-072-sern-skeena-fish-passage/data/photos/58245/20240920_153718_road.JPG,20240920_153718_road.JPG,24
58245,/Users/lucy/Library/CloudStorage/OneDrive-Personal/Projects/2024-072-sern-skeena-fish-passage/data/photos/58245/20240920_153722_barrel.JPG,20240920_153722_barrel.JPG,26
58245,/Users/lucy/Library/CloudStorage/OneDrive-Personal/Projects/2024-072-sern-skeena-fish-passage/data/photos/58245/20240920_153725_upstream.JPG,20240920_153725_upstream.JPG,28
58245,/Users/lucy/Library/CloudStorage/OneDrive-Personal/Projects/2024-072-sern-skeena-fish-passage/data/photos/58245/20240920_153729_inlet.JPG,20240920_153729_inlet.JPG,25
58245,/Users/lucy/Library/CloudStorage/OneDrive-Personal/Projects/2024-072-sern-skeena-fish-passage/data/photos/58245/20240920_153732_outlet.JPG,20240920_153732_outlet.JPG,26
58245,/Users/lucy/Library/CloudStorage/OneDrive-Personal/Projects/2024-072-sern-skeena-fish-passage/data/photos/58245/20240920_153737_downstream.JPG,20240920_153737_downstream.JPG,30
58245,/Users/lucy/Library/CloudStorage/OneDrive-Personal/Projects/2024-072-sern-skeena-fish-passage/data/photos/58245/20240920_153805_condition.JPG,20240920_153805_condition.JPG,29
58245,/Users/lucy/Library/CloudStorage/OneDrive-Personal/Projects/2024-072-sern-skeena-fish-passage/data/photos/58245/20240920_153809_conditionpipe2corroded.JPG,20240920_153809_conditionpipe2corroded.JPG,42
58245,/Users/lucy/Library/CloudStorage/OneDrive-Personal/Projects/2024-072-sern-skeena-fish-passage/data/photos/58245/20240920_154417_us_gravel.JPG,20240920_154417_us_gravel.JPG,29
58245,/Users/lucy/Library/CloudStorage/OneDrive-Personal/Projects/2024-072-sern-skeena-fish-passage/data/photos/58245/20240920_154429_us_pool.JPG,20240920_154429_us_pool.JPG,27
58245,/Users/lucy/Library/CloudStorage/OneDrive-Personal/Projects/2024-072-sern-skeena-fish-passage/data/photos/58245/20240920_154443_us_typical_1.JPG,20240920_154443_us_typical_1.JPG,32
58245,/Users/lucy/Library/CloudStorage/OneDrive-Personal/Projects/2024-072-sern-skeena-fish-passage/data/photos/58245/20240920_154455_us_typical_2_k_.JPG,20240920_154455_us_typical_2_k_.JPG,35
58245,/Users/lucy/Library/CloudStorage/OneDrive-Personal/Projects/2024-072-sern-skeena-fish-passage/data/photos/58245/20240920_160857_ds_pool.JPG,20240920_160857_ds_pool.JPG,27
58245,/Users/lucy/Library/CloudStorage/OneDrive-Personal/Projects/2024-072-sern-skeena-fish-passage/data/photos/58245/20240920_160903_ds_typical_1_k_.JPG,20240920_160903_ds_typical_1_k_.JPG,35
58245,/Users/lucy/Library/CloudStorage/OneDrive-Personal/Projects/2024-072-sern-skeena-fish-passage/data/photos/58245/20240920_160915_ds_typical_2.JPG,20240920_160915_ds_typical_2.JPG,32
58245,/Users/lucy/Library/CloudStorage/OneDrive-Personal/Projects/2024-072-sern-skeena-fish-passage/data/photos/58245/20240920_160921_ds_kathlynconfluence.JPG,20240920_160921_ds_kathlynconfluence.JPG,40
58245,/Users/lucy/Library/CloudStorage/OneDrive-Personal/Projects/2024-072-sern-skeena-fish-passage/data/photos/58245/crossing_all.JPG,crossing_all.JPG,16
58245,/Users/lucy/Library/CloudStorage/OneDrive-Personal/Projects/2024-072-sern-skeena-fish-passage/data/photos/58245/IMG_6496.JPG,IMG_6496.JPG,12
58245,/Users/lucy/Library/CloudStorage/OneDrive-Personal/Projects/2024-072-sern-skeena-fish-passage/data/photos/58245/IMG_6497.JPG,IMG_6497.JPG,12
58245,/Users/lucy/Library/CloudStorage/OneDrive-Personal/Projects/2024-072-sern-skeena-fish-passage/data/photos/58245/IMG_6498.JPG,IMG_6498.JPG,12
58245,/Users/lucy/Library/CloudStorage/OneDrive-Personal/Projects/2024-072-sern-skeena-fish-passage/data/photos/58245/IMG_6499.JPG,IMG_6499.JPG,12
58245,/Users/lucy/Library/CloudStorage/OneDrive-Personal/Projects/2024-072-sern-skeena-fish-passage/data/photos/58245/IMG_6503.JPG,IMG_6503.JPG,12
58245,/Users/lucy/Library/CloudStorage/OneDrive-Personal/Projects/2024-072-sern-skeena-fish-passage/data/photos/58245/IMG_6504.JPG,IMG_6504.JPG,12
58245,/Users/lucy/Library/CloudStorage/OneDrive-Personal/Projects/2024-072-sern-skeena-fish-passage/data/photos/58245/IMG_6505.JPG,IMG_6505.JPG,12
58245,/Users/lucy/Library/CloudStorage/OneDrive-Personal/Projects/2024-072-sern-skeena-fish-passage/data/photos/58245/IMG_6506.JPG,IMG_6506.JPG,12
58245,/Users/lucy/Library/CloudStorage/OneDrive-Personal/Projects/2024-072-sern-skeena-fish-passage/data/photos/58245/IMG_6507.JPG,IMG_6507.JPG,12
58245,/Users/lucy/Library/CloudStorage/OneDrive-Personal/Projects/2024-072-sern-skeena-fish-passage/data/photos/58245/IMG_6508.JPG,IMG_6508.JPG,12
58245,/Users/lucy/Library/CloudStorage/OneDrive-Personal/Projects/2024-072-sern-skeena-fish-passage/data/photos/58245/IMG_6509.JPG,IMG_6509.JPG,12
58245,/Users/lucy/Library/CloudStorage/OneDrive-Personal/Projects/2024-072-sern-skeena-fish-passage/data/photos/58245/IMG_6510.JPG,IMG_6510.JPG,12
58245,/Users/lucy/Library/CloudStorage/OneDrive-Personal/Projects/2024-072-sern-skeena-fish-passage/data/photos/58245/IMG_6511.JPG,IMG_6511.JPG,12
58245,/Users/lucy/Library/CloudStorage/OneDrive-Personal/Projects/2024-072-sern-skeena-fish-passage/data/photos/58245/IMG_6512.JPG,IMG_6512.JPG,12
58245,/Users/lucy/Library/CloudStorage/OneDrive-Personal/Projects/2024-072-sern-skeena-fish-passage/data/photos/58245/IMG_6519.JPG,IMG_6519.JPG,12
58245,/Users/lucy/Library/CloudStorage/OneDrive-Personal/Projects/2024-072-sern-skeena-fish-passage/data/photos/58245/IMG_6520.JPG,IMG_6520.JPG,12
58245,/Users/lucy/Library/CloudStorage/OneDrive-Personal/Projects/2024-072-sern-skeena-fish-passage/data/photos/58245/IMG_6523.JPG,IMG_6523.JPG,12
58245,/Users/lucy/Library/CloudStorage/OneDrive-Personal/Projects/2024-072-sern-skeena-fish-passage/data/photos/58245/IMG_6530.JPG,IMG_6530.JPG,12
58245,/Users/lucy/Library/CloudStorage/OneDrive-Personal/Projects/2024-072-sern-skeena-fish-passage/data/photos/58245/IMG_6534.JPG,IMG_6534.JPG,12
58245,/Users/lucy/Library/CloudStorage/OneDrive-Personal/Projects/2024-072-sern-skeena-fish-passage/data/photos/58245/IMG_6535.JPG,IMG_6535.JPG,12
58245,/Users/lucy/Library/CloudStorage/OneDrive-Personal/Projects/2024-072-sern-skeena-fish-passage/data/photos/58245/IMG_6536.JPG,IMG_6536.JPG,12
198913,/Users/lucy/Library/CloudStorage/OneDrive-Personal/Projects/2024-072-sern-skeena-fish-passage/data/photos/198913/20240925_140628_barrel.JPG,20240925_140628_barrel.JPG,26
198913,/Users/lucy/Library/CloudStorage/OneDrive-Personal/Projects/2024-072-sern-skeena-fish-passage/data/photos/198913/20240925_140637_outlet.JPG,20240925_140637_outlet.JPG,26
198913,/Users/lucy/Library/CloudStorage/OneDrive-Personal/Projects/2024-072-sern-skeena-fish-passage/data/photos/198913/20240925_140641_downstream.JPG,20240925_140641_downstream.JPG,30
198913,/Users/lucy/Library/CloudStorage/OneDrive-Personal/Projects/2024-072-sern-skeena-fish-passage/data/photos/198913/20240925_143418_road.JPG,20240925_143418_road.JPG,24
198913,/Users/lucy/Library/CloudStorage/OneDrive-Personal/Projects/2024-072-sern-skeena-fish-passage/data/photos/198913/20240925_143444_upstream.JPG,20240925_143444_upstream.JPG,28
198913,/Users/lucy/Library/CloudStorage/OneDrive-Personal/Projects/2024-072-sern-skeena-fish-passage/data/photos/198913/20240925_143446_inlet.JPG,20240925_143446_inlet.JPG,25
198913,/Users/lucy/Library/CloudStorage/OneDrive-Personal/Projects/2024-072-sern-skeena-fish-passage/data/photos/198913/20240925_150247_us_gravel.JPG,20240925_150247_us_gravel.JPG,29
198913,/Users/lucy/Library/CloudStorage/OneDrive-Personal/Projects/2024-072-sern-skeena-fish-passage/data/photos/198913/20240925_150253_us_pool.JPG,20240925_150253_us_pool.JPG,27
198913,/Users/lucy/Library/CloudStorage/OneDrive-Personal/Projects/2024-072-sern-skeena-fish-passage/data/photos/198913/20240925_150257_us_typical_1.JPG,20240925_150257_us_typical_1.JPG,32
198913,/Users/lucy/Library/CloudStorage/OneDrive-Personal/Projects/2024-072-sern-skeena-fish-passage/data/photos/198913/20240925_150310_us_typical_2_k_.JPG,20240925_150310_us_typical_2_k_.JPG,35
198913,/Users/lucy/Library/CloudStorage/OneDrive-Personal/Projects/2024-072-sern-skeena-fish-passage/data/photos/198913/20240925_150318_us_bridge.JPG,20240925_150318_us_bridge.JPG,29
198913,/Users/lucy/Library/CloudStorage/OneDrive-Personal/Projects/2024-072-sern-skeena-fish-passage/data/photos/198913/20240925_150329_us_logjam.JPG,20240925_150329_us_logjam.JPG,29
198913,/Users/lucy/Library/CloudStorage/OneDrive-Personal/Projects/2024-072-sern-skeena-fish-passage/data/photos/198913/20240925_150346_us_extra3.JPG,20240925_150346_us_extra3.JPG,29
198913,/Users/lucy/Library/CloudStorage/OneDrive-Personal/Projects/2024-072-sern-skeena-fish-passage/data/photos/198913/20240925_150413_us_extra4.JPG,20240925_150413_us_extra4.JPG,29
198913,/Users/lucy/Library/CloudStorage/OneDrive-Personal/Projects/2024-072-sern-skeena-fish-passage/data/photos/198913/20240925_150519_us_card.JPG,20240925_150519_us_card.JPG,27
198913,/Users/lucy/Library/CloudStorage/OneDrive-Personal/Projects/2024-072-sern-skeena-fish-passage/data/photos/198913/20240926_150509_ds_ef1_typical_1.JPG,20240926_150509_ds_ef1_typical_1.JPG,36
198913,/Users/lucy/Library/CloudStorage/OneDrive-Personal/Projects/2024-072-sern-skeena-fish-passage/data/photos/198913/20240926_150526_ds_ef1_net.JPG,20240926_150526_ds_ef1_net.JPG,30
198913,/Users/lucy/Library/CloudStorage/OneDrive-Personal/Projects/2024-072-sern-skeena-fish-passage/data/photos/198913/20240926_150543_ds_ef1_pool.JPG,20240926_150543_ds_ef1_pool.JPG,31
198913,/Users/lucy/Library/CloudStorage/OneDrive-Personal/Projects/2024-072-sern-skeena-fish-passage/data/photos/198913/20240926_150557_ds_ef1_card.JPG,20240926_150557_ds_ef1_card.JPG,31
198913,/Users/lucy/Library/CloudStorage/OneDrive-Personal/Projects/2024-072-sern-skeena-fish-passage/data/photos/198913/20240926_150606_ds_ef1_extra5.JPG,20240926_150606_ds_ef1_extra5.JPG,33
198913,/Users/lucy/Library/CloudStorage/OneDrive-Personal/Projects/2024-072-sern-skeena-fish-passage/data/photos/198913/20240926_150927_ds_ef2_gravel.JPG,20240926_150927_ds_ef2_gravel.JPG,33
198913,/Users/lucy/Library/CloudStorage/OneDrive-Personal/Projects/2024-072-sern-skeena-fish-passage/data/photos/198913/20240926_150930_ds_ef2_pool.JPG,20240926_150930_ds_ef2_pool.JPG,31
198913,/Users/lucy/Library/CloudStorage/OneDrive-Personal/Projects/2024-072-sern-skeena-fish-passage/data/photos/198913/20240926_150932_ds_ef2_typical_1.JPG,20240926_150932_ds_ef2_typical_1.JPG,36
198913,/Users/lucy/Library/CloudStorage/OneDrive-Personal/Projects/2024-072-sern-skeena-fish-passage/data/photos/198913/20240926_150935_ds_ef2_typical_2.JPG,20240926_150935_ds_ef2_typical_2.JPG,36
198913,/Users/lucy/Library/CloudStorage/OneDrive-Personal/Projects/2024-072-sern-skeena-fish-passage/data/photos/198913/20240926_150944_ds_ef2_cutthroat.JPG,20240926_150944_ds_ef2_cutthroat.JPG,36
198913,/Users/lucy/Library/CloudStorage/OneDrive-Personal/Projects/2024-072-sern-skeena-fish-passage/data/photos/198913/20240926_151255_ds_ef2_electroshock.JPG,20240926_151255_ds_ef2_electroshock.JPG,39
198913,/Users/lucy/Library/CloudStorage/OneDrive-Personal/Projects/2024-072-sern-skeena-fish-passage/data/photos/198913/20240926_160351_us_ef1_pool.JPG,20240926_160351_us_ef1_pool.JPG,31
198913,/Users/lucy/Library/CloudStorage/OneDrive-Personal/Projects/2024-072-sern-skeena-fish-passage/data/photos/198913/20240926_160355_us_ef1_typical_1.JPG,20240926_160355_us_ef1_typical_1.JPG,36
198913,/Users/lucy/Library/CloudStorage/OneDrive-Personal/Projects/2024-072-sern-skeena-fish-passage/data/photos/198913/20240926_160358_us_ef1_typical_2.JPG,20240926_160358_us_ef1_typical_2.JPG,36
198913,/Users/lucy/Library/CloudStorage/OneDrive-Personal/Projects/2024-072-sern-skeena-fish-passage/data/photos/198913/20240926_160401_us_ef1_na.JPG,20240926_160401_us_ef1_na.JPG,29
198913,/Users/lucy/Library/CloudStorage/OneDrive-Personal/Projects/2024-072-sern-skeena-fish-passage/data/photos/198913/20240926_160404_us_ef1_net.JPG,20240926_160404_us_ef1_net.JPG,30
198913,/Users/lucy/Library/CloudStorage/OneDrive-Personal/Projects/2024-072-sern-skeena-fish-passage/data/photos/198913/20240926_160409_us_ef1_extra3.JPG,20240926_160409_us_ef1_extra3.JPG,33
198913,/Users/lucy/Library/CloudStorage/OneDrive-Personal/Projects/2024-072-sern-skeena-fish-passage/data/photos/198913/20240926_162322_us_ef1_card.JPG,20240926_162322_us_ef1_card.JPG,31
198913,/Users/lucy/Library/CloudStorage/OneDrive-Personal/Projects/2024-072-sern-skeena-fish-passage/data/photos/198913/crossing_all.JPG,crossing_all.JPG,16
198913,/Users/lucy/Library/CloudStorage/OneDrive-Personal/Projects/2024-072-sern-skeena-fish-passage/data/photos/198913/IMG_6828.JPG,IMG_6828.JPG,12
198913,/Users/lucy/Library/CloudStorage/OneDrive-Personal/Projects/2024-072-sern-skeena-fish-passage/data/photos/198913/IMG_6832.JPG,IMG_6832.JPG,12
198913,/Users/lucy/Library/CloudStorage/OneDrive-Personal/Projects/2024-072-sern-skeena-fish-passage/data/photos/198913/IMG_6835.JPG,IMG_6835.JPG,12
198913,/Users/lucy/Library/CloudStorage/OneDrive-Personal/Projects/2024-072-sern-skeena-fish-passage/data/photos/198913/IMG_6836.JPG,IMG_6836.JPG,12
198913,/Users/lucy/Library/CloudStorage/OneDrive-Personal/Projects/2024-072-sern-skeena-fish-passage/data/photos/198913/TC_00466.JPG,TC_00466.JPG,12
198913,/Users/lucy/Library/CloudStorage/OneDrive-Personal/Projects/2024-072-sern-skeena-fish-passage/data/photos/198913/TC_00467.JPG,TC_00467.JPG,12
198913,/Users/lucy/Library/CloudStorage/OneDrive-Personal/Projects/2024-072-sern-skeena-fish-passage/data/photos/198913/TC_00468.JPG,TC_00468.JPG,12
198913,/Users/lucy/Library/CloudStorage/OneDrive-Personal/Projects/2024-072-sern-skeena-fish-passage/data/photos/198913/TC_00469.JPG,TC_00469.JPG,12
198913,/Users/lucy/Library/CloudStorage/OneDrive-Personal/Projects/2024-072-sern-skeena-fish-passage/data/photos/198913/TC_00470.JPG,TC_00470.JPG,12
198913,/Users/lucy/Library/CloudStorage/OneDrive-Personal/Projects/2024-072-sern-skeena-fish-passage/data/photos/198913/TC_00472.JPG,TC_00472.JPG,12
198913,/Users/lucy/Library/CloudStorage/OneDrive-Personal/Projects/2024-072-sern-skeena-fish-passage/data/photos/198913/TC_00474.JPG,TC_00474.JPG,12
198913,/Users/lucy/Library/CloudStorage/OneDrive-Personal/Projects/2024-072-sern-skeena-fish-passage/data/photos/198913/TC_00475.JPG,TC_00475.JPG,12
198913,/Users/lucy/Library/CloudStorage/OneDrive-Personal/Projects/2024-072-sern-skeena-fish-passage/data/photos/198913/TC_00476.JPG,TC_00476.JPG,12
198913,/Users/lucy/Library/CloudStorage/OneDrive-Personal/Projects/2024-072-sern-skeena-fish-passage/data/photos/198913/TC_00477.JPG,TC_00477.JPG,12
198913,/Users/lucy/Library/CloudStorage/OneDrive-Personal/Projects/2024-072-sern-skeena-fish-passage/data/photos/198913/TC_00479.JPG,TC_00479.JPG,12
198913,/Users/lucy/Library/CloudStorage/OneDrive-Personal/Projects/2024-072-sern-skeena-fish-passage/data/photos/198913/TC_00480.JPG,TC_00480.JPG,12
198913,/Users/lucy/Library/CloudStorage/OneDrive-Personal/Projects/2024-072-sern-skeena-fish-passage/data/photos/198913/TC_00481.JPG,TC_00481.JPG,12
198913,/Users/lucy/Library/CloudStorage/OneDrive-Personal/Projects/2024-072-sern-skeena-fish-passage/data/photos/198913/TC_00482.JPG,TC_00482.JPG,12
198913,/Users/lucy/Library/CloudStorage/OneDrive-Personal/Projects/2024-072-sern-skeena-fish-passage/data/photos/198913/TC_00485.JPG,TC_00485.JPG,12
198913,/Users/lucy/Library/CloudStorage/OneDrive-Personal/Projects/2024-072-sern-skeena-fish-passage/data/photos/198913/TC_00486.JPG,TC_00486.JPG,12
198913,/Users/lucy/Library/CloudStorage/OneDrive-Personal/Projects/2024-072-sern-skeena-fish-passage/data/photos/198913/TC_00487.JPG,TC_00487.JPG,12
198913,/Users/lucy/Library/CloudStorage/OneDrive-Personal/Projects/2024-072-sern-skeena-fish-passage/data/photos/198913/TC_00488.JPG,TC_00488.JPG,12
198913,/Users/lucy/Library/CloudStorage/OneDrive-Personal/Projects/2024-072-sern-skeena-fish-passage/data/photos/198913/TC_00489.JPG,TC_00489.JPG,12
198913,/Users/lucy/Library/CloudStorage/OneDrive-Personal/Projects/2024-072-sern-skeena-fish-passage/data/photos/198913/TC_00490.JPG,TC_00490.JPG,12
198913,/Users/lucy/Library/CloudStorage/OneDrive-Personal/Projects/2024-072-sern-skeena-fish-passage/data/photos/198913/TC_00491.JPG,TC_00491.JPG,12
198913,/Users/lucy/Library/CloudStorage/OneDrive-Personal/Projects/2024-072-sern-skeena-fish-passage/data/photos/198913/TC_00495.JPG,TC_00495.JPG,12
198913,/Users/lucy/Library/CloudStorage/OneDrive-Personal/Projects/2024-072-sern-skeena-fish-passage/data/photos/198913/TC_00496.JPG,TC_00496.JPG,12
198913,/Users/lucy/Library/CloudStorage/OneDrive-Personal/Projects/2024-072-sern-skeena-fish-passage/data/photos/198913/TC_00516_fish_1_k_.JPG,TC_00516_fish_1_k_.JPG,22
198913,/Users/lucy/Library/CloudStorage/OneDrive-Personal/Projects/2024-072-sern-skeena-fish-passage/data/photos/198913/TC_00517.JPG,TC_00517.JPG,12
198913,/Users/lucy/Library/CloudStorage/OneDrive-Personal/Projects/2024-072-sern-skeena-fish-passage/data/photos/198913/TC_00518.JPG,TC_00518.JPG,12
198913,/Users/lucy/Library/CloudStorage/OneDrive-Personal/Projects/2024-072-sern-skeena-fish-passage/data/photos/198913/TC_00519.JPG,TC_00519.JPG,12
198913,/Users/lucy/Library/CloudStorage/OneDrive-Personal/Projects/2024-072-sern-skeena-fish-passage/data/photos/198913/TC_00520.JPG,TC_00520.JPG,12
198913,/Users/lucy/Library/CloudStorage/OneDrive-Personal/Projects/2024-072-sern-skeena-fish-passage/data/photos/198913/TC_00523.JPG,TC_00523.JPG,12
198913,/Users/lucy/Library/CloudStorage/OneDrive-Personal/Projects/2024-072-sern-skeena-fish-passage/data/photos/198913/TC_00524.JPG,TC_00524.JPG,12
198913,/Users/lucy/Library/CloudStorage/OneDrive-Personal/Projects/2024-072-sern-skeena-fish-passage/data/photos/198913/TC_00529.JPG,TC_00529.JPG,12
198913,/Users/lucy/Library/CloudStorage/OneDrive-Personal/Projects/2024-072-sern-skeena-fish-passage/data/photos/198913/TC_00530.JPG,TC_00530.JPG,12
198913,/Users/lucy/Library/CloudStorage/OneDrive-Personal/Projects/2024-072-sern-skeena-fish-passage/data/photos/198913/TC_00531.JPG,TC_00531.JPG,12
198913,/Users/lucy/Library/CloudStorage/OneDrive-Personal/Projects/2024-072-sern-skeena-fish-passage/data/photos/198913/TC_00532.JPG,TC_00532.JPG,12
198913,/Users/lucy/Library/CloudStorage/OneDrive-Personal/Projects/2024-072-sern-skeena-fish-passage/data/photos/198913/TC_00534.JPG,TC_00534.JPG,12
198913,/Users/lucy/Library/CloudStorage/OneDrive-Personal/Projects/2024-072-sern-skeena-fish-passage/data/photos/198913/TC_00540.JPG,TC_00540.JPG,12
198913,/Users/lucy/Library/CloudStorage/OneDrive-Personal/Projects/2024-072-sern-skeena-fish-passage/data/photos/198913/TC_00542.JPG,TC_00542.JPG,12
198913,/Users/lucy/Library/CloudStorage/OneDrive-Personal/Projects/2024-072-sern-skeena-fish-passage/data/photos/198913/TC_00544.JPG,TC_00544.JPG,12
198913,/Users/lucy/Library/CloudStorage/OneDrive-Personal/Projects/2024-072-sern-skeena-fish-passage/data/photos/198913/TC_00545.JPG,TC_00545.JPG,12
198935,/Users/lucy/Library/CloudStorage/OneDrive-Personal/Projects/2024-072-sern-skeena-fish-passage/data/photos/198935/20240918_102624_ds_ef1_card.JPG,20240918_102624_ds_ef1_card.JPG,31
198935,/Users/lucy/Library/CloudStorage/OneDrive-Personal/Projects/2024-072-sern-skeena-fish-passage/data/photos/198935/20240918_105247_ds_ef1_pool.JPG,20240918_105247_ds_ef1_pool.JPG,31
198935,/Users/lucy/Library/CloudStorage/OneDrive-Personal/Projects/2024-072-sern-skeena-fish-passage/data/photos/198935/20240918_105255_ds_ef1_net.JPG,20240918_105255_ds_ef1_net.JPG,30
198935,/Users/lucy/Library/CloudStorage/OneDrive-Personal/Projects/2024-072-sern-skeena-fish-passage/data/photos/198935/20240918_105300_ds_ef1_net.JPG,20240918_105300_ds_ef1_net.JPG,30
198935,/Users/lucy/Library/CloudStorage/OneDrive-Personal/Projects/2024-072-sern-skeena-fish-passage/data/photos/198935/20240918_105839_ds_ef1_gravel.JPG,20240918_105839_ds_ef1_gravel.JPG,33
198935,/Users/lucy/Library/CloudStorage/OneDrive-Personal/Projects/2024-072-sern-skeena-fish-passage/data/photos/198935/20240918_105842_ds_ef1_typical_1.JPG,20240918_105842_ds_ef1_typical_1.JPG,36
198935,/Users/lucy/Library/CloudStorage/OneDrive-Personal/Projects/2024-072-sern-skeena-fish-passage/data/photos/198935/20240918_105845_ds_ef1_typical_2.JPG,20240918_105845_ds_ef1_typical_2.JPG,36
198935,/Users/lucy/Library/CloudStorage/OneDrive-Personal/Projects/2024-072-sern-skeena-fish-passage/data/photos/198935/20240918_105849_ds_ef1_extra3.JPG,20240918_105849_ds_ef1_extra3.JPG,33
198935,/Users/lucy/Library/CloudStorage/OneDrive-Personal/Projects/2024-072-sern-skeena-fish-passage/data/photos/198935/20240918_105914_ds_ef1_extra4.JPG,20240918_105914_ds_ef1_extra4.JPG,33
198935,/Users/lucy/Library/CloudStorage/OneDrive-Personal/Projects/2024-072-sern-skeena-fish-passage/data/photos/198935/20240918_110701_us_pool.JPG,20240918_110701_us_pool.JPG,27
198935,/Users/lucy/Library/CloudStorage/OneDrive-Personal/Projects/2024-072-sern-skeena-fish-passage/data/photos/198935/20240918_111457_us_gravel.JPG,20240918_111457_us_gravel.JPG,29
198935,/Users/lucy/Library/CloudStorage/OneDrive-Personal/Projects/2024-072-sern-skeena-fish-passage/data/photos/198935/20240918_111510_us_typical_1.JPG,20240918_111510_us_typical_1.JPG,32
198935,/Users/lucy/Library/CloudStorage/OneDrive-Personal/Projects/2024-072-sern-skeena-fish-passage/data/photos/198935/20240918_111534_us_typical_2_k_.JPG,20240918_111534_us_typical_2_k_.JPG,35
198935,/Users/lucy/Library/CloudStorage/OneDrive-Personal/Projects/2024-072-sern-skeena-fish-passage/data/photos/198935/20240918_111548_us_matureactriparian.JPG,20240918_111548_us_matureactriparian.JPG,40
198935,/Users/lucy/Library/CloudStorage/OneDrive-Personal/Projects/2024-072-sern-skeena-fish-passage/data/photos/198935/20240918_113813_us_beaverimpoundmenttopsite.JPG,20240918_113813_us_beaverimpoundmenttopsite.JPG,47
198935,/Users/lucy/Library/CloudStorage/OneDrive-Personal/Projects/2024-072-sern-skeena-fish-passage/data/photos/198935/20240918_125332_us_ef1_card.JPG,20240918_125332_us_ef1_card.JPG,31
198935,/Users/lucy/Library/CloudStorage/OneDrive-Personal/Projects/2024-072-sern-skeena-fish-passage/data/photos/198935/20240918_125335_us_ef1_extra5.JPG,20240918_125335_us_ef1_extra5.JPG,33
198935,/Users/lucy/Library/CloudStorage/OneDrive-Personal/Projects/2024-072-sern-skeena-fish-passage/data/photos/198935/20240918_144425_us_ef1_gravel.JPG,20240918_144425_us_ef1_gravel.JPG,33
198935,/Users/lucy/Library/CloudStorage/OneDrive-Personal/Projects/2024-072-sern-skeena-fish-passage/data/photos/198935/20240918_144431_us_ef1_pool.JPG,20240918_144431_us_ef1_pool.JPG,31
198935,/Users/lucy/Library/CloudStorage/OneDrive-Personal/Projects/2024-072-sern-skeena-fish-passage/data/photos/198935/20240918_144438_us_ef1_typical_1.JPG,20240918_144438_us_ef1_typical_1.JPG,36
198935,/Users/lucy/Library/CloudStorage/OneDrive-Personal/Projects/2024-072-sern-skeena-fish-passage/data/photos/198935/20240918_144445_us_ef1_typical_2.JPG,20240918_144445_us_ef1_typical_2.JPG,36
198935,/Users/lucy/Library/CloudStorage/OneDrive-Personal/Projects/2024-072-sern-skeena-fish-passage/data/photos/198935/20240918_144458_us_ef1_extra4.JPG,20240918_144458_us_ef1_extra4.JPG,33
198935,/Users/lucy/Library/CloudStorage/OneDrive-Personal/Projects/2024-072-sern-skeena-fish-passage/data/photos/198935/20240918_145449_road.JPG,20240918_145449_road.JPG,24
198935,/Users/lucy/Library/CloudStorage/OneDrive-Personal/Projects/2024-072-sern-skeena-fish-passage/data/photos/198935/20240918_145451_barrel.JPG,20240918_145451_barrel.JPG,26
198935,/Users/lucy/Library/CloudStorage/OneDrive-Personal/Projects/2024-072-sern-skeena-fish-passage/data/photos/198935/20240918_145453_upstream.JPG,20240918_145453_upstream.JPG,28
198935,/Users/lucy/Library/CloudStorage/OneDrive-Personal/Projects/2024-072-sern-skeena-fish-passage/data/photos/198935/20240918_145456_inlet.JPG,20240918_145456_inlet.JPG,25
198935,/Users/lucy/Library/CloudStorage/OneDrive-Personal/Projects/2024-072-sern-skeena-fish-passage/data/photos/198935/20240918_150354_outlet.JPG,20240918_150354_outlet.JPG,26
198935,/Users/lucy/Library/CloudStorage/OneDrive-Personal/Projects/2024-072-sern-skeena-fish-passage/data/photos/198935/20240918_150403_channelfromoutlet.JPG,20240918_150403_channelfromoutlet.JPG,37
198935,/Users/lucy/Library/CloudStorage/OneDrive-Personal/Projects/2024-072-sern-skeena-fish-passage/data/photos/198935/20240918_150507_downstream.JPG,20240918_150507_downstream.JPG,30
198935,/Users/lucy/Library/CloudStorage/OneDrive-Personal/Projects/2024-072-sern-skeena-fish-passage/data/photos/198935/20240918_151215_paper_card.JPG,20240918_151215_paper_card.JPG,30
198935,/Users/lucy/Library/CloudStorage/OneDrive-Personal/Projects/2024-072-sern-skeena-fish-passage/data/photos/198935/crossing_all.JPG,crossing_all.JPG,16
198935,/Users/lucy/Library/CloudStorage/OneDrive-Personal/Projects/2024-072-sern-skeena-fish-passage/data/photos/198935/IMG_3344.JPG,IMG_3344.JPG,12
198935,/Users/lucy/Library/CloudStorage/OneDrive-Personal/Projects/2024-072-sern-skeena-fish-passage/data/photos/198935/IMG_3345.JPG,IMG_3345.JPG,12
198935,/Users/lucy/Library/CloudStorage/OneDrive-Personal/Projects/2024-072-sern-skeena-fish-passage/data/photos/198935/IMG_3346.JPG,IMG_3346.JPG,12
198935,/Users/lucy/Library/CloudStorage/OneDrive-Personal/Projects/2024-072-sern-skeena-fish-passage/data/photos/198935/IMG_3347.JPG,IMG_3347.JPG,12
198935,/Users/lucy/Library/CloudStorage/OneDrive-Personal/Projects/2024-072-sern-skeena-fish-passage/data/photos/198935/IMG_3348.JPG,IMG_3348.JPG,12
198935,/Users/lucy/Library/CloudStorage/OneDrive-Personal/Projects/2024-072-sern-skeena-fish-passage/data/photos/198935/IMG_3349.JPG,IMG_3349.JPG,12
198935,/Users/lucy/Library/CloudStorage/OneDrive-Personal/Projects/2024-072-sern-skeena-fish-passage/data/photos/198935/IMG_3350.JPG,IMG_3350.JPG,12
198935,/Users/lucy/Library/CloudStorage/OneDrive-Personal/Projects/2024-072-sern-skeena-fish-passage/data/photos/198935/IMG_6367.JPG,IMG_6367.JPG,12
198935,/Users/lucy/Library/CloudStorage/OneDrive-Personal/Projects/2024-072-sern-skeena-fish-passage/data/photos/198935/IMG_6368.JPG,IMG_6368.JPG,12
198935,/Users/lucy/Library/CloudStorage/OneDrive-Personal/Projects/2024-072-sern-skeena-fish-passage/data/photos/198935/IMG_6369.JPG,IMG_6369.JPG,12
198935,/Users/lucy/Library/CloudStorage/OneDrive-Personal/Projects/2024-072-sern-skeena-fish-passage/data/photos/198935/IMG_6371.JPG,IMG_6371.JPG,12
198935,/Users/lucy/Library/CloudStorage/OneDrive-Personal/Projects/2024-072-sern-skeena-fish-passage/data/photos/198935/IMG_6377.JPG,IMG_6377.JPG,12
198935,/Users/lucy/Library/CloudStorage/OneDrive-Personal/Projects/2024-072-sern-skeena-fish-passage/data/photos/198935/IMG_6378.JPG,IMG_6378.JPG,12
198935,/Users/lucy/Library/CloudStorage/OneDrive-Personal/Projects/2024-072-sern-skeena-fish-passage/data/photos/198935/IMG_6379.JPG,IMG_6379.JPG,12
198935,/Users/lucy/Library/CloudStorage/OneDrive-Personal/Projects/2024-072-sern-skeena-fish-passage/data/photos/198935/IMG_6380.JPG,IMG_6380.JPG,12
198935,/Users/lucy/Library/CloudStorage/OneDrive-Personal/Projects/2024-072-sern-skeena-fish-passage/data/photos/198935/IMG_6381.JPG,IMG_6381.JPG,12
198935,/Users/lucy/Library/CloudStorage/OneDrive-Personal/Projects/2024-072-sern-skeena-fish-passage/data/photos/198935/IMG_6382.JPG,IMG_6382.JPG,12
198935,/Users/lucy/Library/CloudStorage/OneDrive-Personal/Projects/2024-072-sern-skeena-fish-passage/data/photos/198935/IMG_6383.JPG,IMG_6383.JPG,12
198935,/Users/lucy/Library/CloudStorage/OneDrive-Personal/Projects/2024-072-sern-skeena-fish-passage/data/photos/198935/IMG_6384.JPG,IMG_6384.JPG,12
198935,/Users/lucy/Library/CloudStorage/OneDrive-Personal/Projects/2024-072-sern-skeena-fish-passage/data/photos/198935/IMG_6387.JPG,IMG_6387.JPG,12
198935,/Users/lucy/Library/CloudStorage/OneDrive-Personal/Projects/2024-072-sern-skeena-fish-passage/data/photos/198935/IMG_6388.JPG,IMG_6388.JPG,12
198935,/Users/lucy/Library/CloudStorage/OneDrive-Personal/Projects/2024-072-sern-skeena-fish-passage/data/photos/198935/TC_00149.JPG,TC_00149.JPG,12
198935,/Users/lucy/Library/CloudStorage/OneDrive-Personal/Projects/2024-072-sern-skeena-fish-passage/data/photos/198935/TC_00155.JPG,TC_00155.JPG,12
198935,/Users/lucy/Library/CloudStorage/OneDrive-Personal/Projects/2024-072-sern-skeena-fish-passage/data/photos/198935/TC_00156.JPG,TC_00156.JPG,12
198935,/Users/lucy/Library/CloudStorage/OneDrive-Personal/Projects/2024-072-sern-skeena-fish-passage/data/photos/198935/TC_00157.JPG,TC_00157.JPG,12
198935,/Users/lucy/Library/CloudStorage/OneDrive-Personal/Projects/2024-072-sern-skeena-fish-passage/data/photos/198935/TC_00158.JPG,TC_00158.JPG,12
198935,/Users/lucy/Library/CloudStorage/OneDrive-Personal/Projects/2024-072-sern-skeena-fish-passage/data/photos/198935/TC_00159.JPG,TC_00159.JPG,12
198935,/Users/lucy/Library/CloudStorage/OneDrive-Personal/Projects/2024-072-sern-skeena-fish-passage/data/photos/198935/TC_00160.JPG,TC_00160.JPG,12
198935,/Users/lucy/Library/CloudStorage/OneDrive-Personal/Projects/2024-072-sern-skeena-fish-passage/data/photos/198935/TC_00161.JPG,TC_00161.JPG,12
198935,/Users/lucy/Library/CloudStorage/OneDrive-Personal/Projects/2024-072-sern-skeena-fish-passage/data/photos/198935/TC_00162.JPG,TC_00162.JPG,12
198935,/Users/lucy/Library/CloudStorage/OneDrive-Personal/Projects/2024-072-sern-skeena-fish-passage/data/photos/198935/TC_00163.JPG,TC_00163.JPG,12
198935,/Users/lucy/Library/CloudStorage/OneDrive-Personal/Projects/2024-072-sern-skeena-fish-passage/data/photos/198935/TC_00164_fish_1_k_.JPG,TC_00164_fish_1_k_.JPG,22
198935,/Users/lucy/Library/CloudStorage/OneDrive-Personal/Projects/2024-072-sern-skeena-fish-passage/data/photos/198935/TC_00165.JPG,TC_00165.JPG,12
198935,/Users/lucy/Library/CloudStorage/OneDrive-Personal/Projects/2024-072-sern-skeena-fish-passage/data/photos/198935/TC_00166.JPG,TC_00166.JPG,12
198935,/Users/lucy/Library/CloudStorage/OneDrive-Personal/Projects/2024-072-sern-skeena-fish-passage/data/photos/198935/TC_00167.JPG,TC_00167.JPG,12
198935,/Users/lucy/Library/CloudStorage/OneDrive-Personal/Projects/2024-072-sern-skeena-fish-passage/data/photos/198935/TC_00168.JPG,TC_00168.JPG,12
198935,/Users/lucy/Library/CloudStorage/OneDrive-Personal/Projects/2024-072-sern-skeena-fish-passage/data/photos/198935/TC_00169.JPG,TC_00169.JPG,12
198935,/Users/lucy/Library/CloudStorage/OneDrive-Personal/Projects/2024-072-sern-skeena-fish-passage/data/photos/198935/TC_00170.JPG,TC_00170.JPG,12
198935,/Users/lucy/Library/CloudStorage/OneDrive-Personal/Projects/2024-072-sern-skeena-fish-passage/data/photos/198935/TC_00171.JPG,TC_00171.JPG,12
198935,/Users/lucy/Library/CloudStorage/OneDrive-Personal/Projects/2024-072-sern-skeena-fish-passage/data/photos/198935/TC_00172.JPG,TC_00172.JPG,12
198935,/Users/lucy/Library/CloudStorage/OneDrive-Personal/Projects/2024-072-sern-skeena-fish-passage/data/photos/198935/TC_00173.JPG,TC_00173.JPG,12
198935,/Users/lucy/Library/CloudStorage/OneDrive-Personal/Projects/2024-072-sern-skeena-fish-passage/data/photos/198935/TC_00174.JPG,TC_00174.JPG,12
198935,/Users/lucy/Library/CloudStorage/OneDrive-Personal/Projects/2024-072-sern-skeena-fish-passage/data/photos/198935/TC_00175.JPG,TC_00175.JPG,12
198935,/Users/lucy/Library/CloudStorage/OneDrive-Personal/Projects/2024-072-sern-skeena-fish-passage/data/photos/198935/TC_00176.JPG,TC_00176.JPG,12
198935,/Users/lucy/Library/CloudStorage/OneDrive-Personal/Projects/2024-072-sern-skeena-fish-passage/data/photos/198935/TC_00177.JPG,TC_00177.JPG,12
198935,/Users/lucy/Library/CloudStorage/OneDrive-Personal/Projects/2024-072-sern-skeena-fish-passage/data/photos/198935/TC_00178.JPG,TC_00178.JPG,12
198935,/Users/lucy/Library/CloudStorage/OneDrive-Personal/Projects/2024-072-sern-skeena-fish-passage/data/photos/198935/TC_00179.JPG,TC_00179.JPG,12
198935,/Users/lucy/Library/CloudStorage/OneDrive-Personal/Projects/2024-072-sern-skeena-fish-passage/data/photos/198935/TC_00180.JPG,TC_00180.JPG,12
198935,/Users/lucy/Library/CloudStorage/OneDrive-Personal/Projects/2024-072-sern-skeena-fish-passage/data/photos/198935/TC_00181.JPG,TC_00181.JPG,12
198935,/Users/lucy/Library/CloudStorage/OneDrive-Personal/Projects/2024-072-sern-skeena-fish-passage/data/photos/198935/TC_00182.JPG,TC_00182.JPG,12
198935,/Users/lucy/Library/CloudStorage/OneDrive-Personal/Projects/2024-072-sern-skeena-fish-passage/data/photos/198935/TC_00183.JPG,TC_00183.JPG,12
198935,/Users/lucy/Library/CloudStorage/OneDrive-Personal/Projects/2024-072-sern-skeena-fish-passage/data/photos/198935/TC_00184.JPG,TC_00184.JPG,12
198935,/Users/lucy/Library/CloudStorage/OneDrive-Personal/Projects/2024-072-sern-skeena-fish-passage/data/photos/198935/TC_00185.JPG,TC_00185.JPG,12
198935,/Users/lucy/Library/CloudStorage/OneDrive-Personal/Projects/2024-072-sern-skeena-fish-passage/data/photos/198935/TC_00186.JPG,TC_00186.JPG,12
198935,/Users/lucy/Library/CloudStorage/OneDrive-Personal/Projects/2024-072-sern-skeena-fish-passage/data/photos/198935/TC_00187.JPG,TC_00187.JPG,12
198935,/Users/lucy/Library/CloudStorage/OneDrive-Personal/Projects/2024-072-sern-skeena-fish-passage/data/photos/198935/TC_00188.JPG,TC_00188.JPG,12
198935,/Users/lucy/Library/CloudStorage/OneDrive-Personal/Projects/2024-072-sern-skeena-fish-passage/data/photos/198935/TC_00189.JPG,TC_00189.JPG,12
198935,/Users/lucy/Library/CloudStorage/OneDrive-Personal/Projects/2024-072-sern-skeena-fish-passage/data/photos/198935/TC_00190.JPG,TC_00190.JPG,12
198935,/Users/lucy/Library/CloudStorage/OneDrive-Personal/Projects/2024-072-sern-skeena-fish-passage/data/photos/198935/TC_00193.JPG,TC_00193.JPG,12
198935,/Users/lucy/Library/CloudStorage/OneDrive-Personal/Projects/2024-072-sern-skeena-fish-passage/data/photos/198935/TC_00197.JPG,TC_00197.JPG,12
198935,/Users/lucy/Library/CloudStorage/OneDrive-Personal/Projects/2024-072-sern-skeena-fish-passage/data/photos/198935/TC_00200.JPG,TC_00200.JPG,12
198935,/Users/lucy/Library/CloudStorage/OneDrive-Personal/Projects/2024-072-sern-skeena-fish-passage/data/photos/198935/TC_00201.JPG,TC_00201.JPG,12
198935,/Users/lucy/Library/CloudStorage/OneDrive-Personal/Projects/2024-072-sern-skeena-fish-passage/data/photos/198935/TC_00202.JPG,TC_00202.JPG,12
198935,/Users/lucy/Library/CloudStorage/OneDrive-Personal/Projects/2024-072-sern-skeena-fish-passage/data/photos/198935/TC_00203.JPG,TC_00203.JPG,12
198935,/Users/lucy/Library/CloudStorage/OneDrive-Personal/Projects/2024-072-sern-skeena-fish-passage/data/photos/198935/TC_00204.JPG,TC_00204.JPG,12
198935,/Users/lucy/Library/CloudStorage/OneDrive-Personal/Projects/2024-072-sern-skeena-fish-passage/data/photos/198935/TC_00205.JPG,TC_00205.JPG,12
198935,/Users/lucy/Library/CloudStorage/OneDrive-Personal/Projects/2024-072-sern-skeena-fish-passage/data/photos/198935/TC_00206.JPG,TC_00206.JPG,12
198935,/Users/lucy/Library/CloudStorage/OneDrive-Personal/Projects/2024-072-sern-skeena-fish-passage/data/photos/198935/TC_00207.JPG,TC_00207.JPG,12
198935,/Users/lucy/Library/CloudStorage/OneDrive-Personal/Projects/2024-072-sern-skeena-fish-passage/data/photos/198935/TC_00208.JPG,TC_00208.JPG,12
198935,/Users/lucy/Library/CloudStorage/OneDrive-Personal/Projects/2024-072-sern-skeena-fish-passage/data/photos/198935/TC_00209.JPG,TC_00209.JPG,12
198935,/Users/lucy/Library/CloudStorage/OneDrive-Personal/Projects/2024-072-sern-skeena-fish-passage/data/photos/198935/TC_00210.JPG,TC_00210.JPG,12
198935,/Users/lucy/Library/CloudStorage/OneDrive-Personal/Projects/2024-072-sern-skeena-fish-passage/data/photos/198935/TC_00211.JPG,TC_00211.JPG,12
198935,/Users/lucy/Library/CloudStorage/OneDrive-Personal/Projects/2024-072-sern-skeena-fish-passage/data/photos/198935/TC_00212.JPG,TC_00212.JPG,12
198935,/Users/lucy/Library/CloudStorage/OneDrive-Personal/Projects/2024-072-sern-skeena-fish-passage/data/photos/198935/TC_00213.JPG,TC_00213.JPG,12
198935,/Users/lucy/Library/CloudStorage/OneDrive-Personal/Projects/2024-072-sern-skeena-fish-passage/data/photos/198935/TC_00214.JPG,TC_00214.JPG,12
198935,/Users/lucy/Library/CloudStorage/OneDrive-Personal/Projects/2024-072-sern-skeena-fish-passage/data/photos/198935/TC_00215.JPG,TC_00215.JPG,12
198935,/Users/lucy/Library/CloudStorage/OneDrive-Personal/Projects/2024-072-sern-skeena-fish-passage/data/photos/198935/TC_00216.JPG,TC_00216.JPG,12
198935,/Users/lucy/Library/CloudStorage/OneDrive-Personal/Projects/2024-072-sern-skeena-fish-passage/data/photos/198935/TC_00217.JPG,TC_00217.JPG,12
198935,/Users/lucy/Library/CloudStorage/OneDrive-Personal/Projects/2024-072-sern-skeena-fish-passage/data/photos/198935/TC_00218.JPG,TC_00218.JPG,12
198935,/Users/lucy/Library/CloudStorage/OneDrive-Personal/Projects/2024-072-sern-skeena-fish-passage/data/photos/198935/TC_00219.JPG,TC_00219.JPG,12
198935,/Users/lucy/Library/CloudStorage/OneDrive-Personal/Projects/2024-072-sern-skeena-fish-passage/data/photos/198935/TC_00220.JPG,TC_00220.JPG,12
198935,/Users/lucy/Library/CloudStorage/OneDrive-Personal/Projects/2024-072-sern-skeena-fish-passage/data/photos/198935/TC_00221.JPG,TC_00221.JPG,12
198935,/Users/lucy/Library/CloudStorage/OneDrive-Personal/Projects/2024-072-sern-skeena-fish-passage/data/photos/198935/TC_00222.JPG,TC_00222.JPG,12
198935,/Users/lucy/Library/CloudStorage/OneDrive-Personal/Projects/2024-072-sern-skeena-fish-passage/data/photos/198935/TC_00223.JPG,TC_00223.JPG,12
198935,/Users/lucy/Library/CloudStorage/OneDrive-Personal/Projects/2024-072-sern-skeena-fish-passage/data/photos/198935/TC_00224.JPG,TC_00224.JPG,12
198935,/Users/lucy/Library/CloudStorage/OneDrive-Personal/Projects/2024-072-sern-skeena-fish-passage/data/photos/198935/TC_00225.JPG,TC_00225.JPG,12
198935,/Users/lucy/Library/CloudStorage/OneDrive-Personal/Projects/2024-072-sern-skeena-fish-passage/data/photos/198935/TC_00226.JPG,TC_00226.JPG,12
198935,/Users/lucy/Library/CloudStorage/OneDrive-Personal/Projects/2024-072-sern-skeena-fish-passage/data/photos/198935/TC_00227.JPG,TC_00227.JPG,12
198935,/Users/lucy/Library/CloudStorage/OneDrive-Personal/Projects/2024-072-sern-skeena-fish-passage/data/photos/198935/TC_00228.JPG,TC_00228.JPG,12
198935,/Users/lucy/Library/CloudStorage/OneDrive-Personal/Projects/2024-072-sern-skeena-fish-passage/data/photos/198935/TC_00229.JPG,TC_00229.JPG,12
198935,/Users/lucy/Library/CloudStorage/OneDrive-Personal/Projects/2024-072-sern-skeena-fish-passage/data/photos/198935/TC_00230.JPG,TC_00230.JPG,12
198935,/Users/lucy/Library/CloudStorage/OneDrive-Personal/Projects/2024-072-sern-skeena-fish-passage/data/photos/198935/TC_00231.JPG,TC_00231.JPG,12
198935,/Users/lucy/Library/CloudStorage/OneDrive-Personal/Projects/2024-072-sern-skeena-fish-passage/data/photos/198935/TC_00232.JPG,TC_00232.JPG,12
198935,/Users/lucy/Library/CloudStorage/OneDrive-Personal/Projects/2024-072-sern-skeena-fish-passage/data/photos/198935/TC_00233.JPG,TC_00233.JPG,12
198935,/Users/lucy/Library/CloudStorage/OneDrive-Personal/Projects/2024-072-sern-skeena-fish-passage/data/photos/198935/TC_00234.JPG,TC_00234.JPG,12
198935,/Users/lucy/Library/CloudStorage/OneDrive-Personal/Projects/2024-072-sern-skeena-fish-passage/data/photos/198935/TC_00235.JPG,TC_00235.JPG,12
198935,/Users/lucy/Library/CloudStorage/OneDrive-Personal/Projects/2024-072-sern-skeena-fish-passage/data/photos/198935/TC_00236.JPG,TC_00236.JPG,12
198935,/Users/lucy/Library/CloudStorage/OneDrive-Personal/Projects/2024-072-sern-skeena-fish-passage/data/photos/198935/TC_00238.JPG,TC_00238.JPG,12
198935,/Users/lucy/Library/CloudStorage/OneDrive-Personal/Projects/2024-072-sern-skeena-fish-passage/data/photos/198935/TC_00239.JPG,TC_00239.JPG,12
198935,/Users/lucy/Library/CloudStorage/OneDrive-Personal/Projects/2024-072-sern-skeena-fish-passage/data/photos/198935/TC_00240.JPG,TC_00240.JPG,12
198935,/Users/lucy/Library/CloudStorage/OneDrive-Personal/Projects/2024-072-sern-skeena-fish-passage/data/photos/198935/TC_00241.JPG,TC_00241.JPG,12
198935,/Users/lucy/Library/CloudStorage/OneDrive-Personal/Projects/2024-072-sern-skeena-fish-passage/data/photos/198935/TC_00242.JPG,TC_00242.JPG,12
198916,/Users/lucy/Library/CloudStorage/OneDrive-Personal/Projects/2024-072-sern-skeena-fish-passage/data/photos/198916/20240925_111534_road.JPG,20240925_111534_road.JPG,24
198916,/Users/lucy/Library/CloudStorage/OneDrive-Personal/Projects/2024-072-sern-skeena-fish-passage/data/photos/198916/20240925_111536_barrel.JPG,20240925_111536_barrel.JPG,26
198916,/Users/lucy/Library/CloudStorage/OneDrive-Personal/Projects/2024-072-sern-skeena-fish-passage/data/photos/198916/20240925_111541_upstream.JPG,20240925_111541_upstream.JPG,28
198916,/Users/lucy/Library/CloudStorage/OneDrive-Personal/Projects/2024-072-sern-skeena-fish-passage/data/photos/198916/20240925_111549_inlet.JPG,20240925_111549_inlet.JPG,25
198916,/Users/lucy/Library/CloudStorage/OneDrive-Personal/Projects/2024-072-sern-skeena-fish-passage/data/photos/198916/20240925_111552_outlet.JPG,20240925_111552_outlet.JPG,26
198916,/Users/lucy/Library/CloudStorage/OneDrive-Personal/Projects/2024-072-sern-skeena-fish-passage/data/photos/198916/20240925_111554_downstream.JPG,20240925_111554_downstream.JPG,30
198916,/Users/lucy/Library/CloudStorage/OneDrive-Personal/Projects/2024-072-sern-skeena-fish-passage/data/photos/198916/20240925_112241_paper_card.JPG,20240925_112241_paper_card.JPG,30
198916,/Users/lucy/Library/CloudStorage/OneDrive-Personal/Projects/2024-072-sern-skeena-fish-passage/data/photos/198916/20240925_123052_us_gravel.JPG,20240925_123052_us_gravel.JPG,29
198916,/Users/lucy/Library/CloudStorage/OneDrive-Personal/Projects/2024-072-sern-skeena-fish-passage/data/photos/198916/20240925_123116_us_typical_1_k_.JPG,20240925_123116_us_typical_1_k_.JPG,35
198916,/Users/lucy/Library/CloudStorage/OneDrive-Personal/Projects/2024-072-sern-skeena-fish-passage/data/photos/198916/20240925_123121_us_typical_2.JPG,20240925_123121_us_typical_2.JPG,32
198916,/Users/lucy/Library/CloudStorage/OneDrive-Personal/Projects/2024-072-sern-skeena-fish-passage/data/photos/198916/20240925_123540_ds_gravel.JPG,20240925_123540_ds_gravel.JPG,29
198916,/Users/lucy/Library/CloudStorage/OneDrive-Personal/Projects/2024-072-sern-skeena-fish-passage/data/photos/198916/20240925_123544_ds_pool.JPG,20240925_123544_ds_pool.JPG,27
198916,/Users/lucy/Library/CloudStorage/OneDrive-Personal/Projects/2024-072-sern-skeena-fish-passage/data/photos/198916/20240925_123547_ds_typical_1_k_.JPG,20240925_123547_ds_typical_1_k_.JPG,35
198916,/Users/lucy/Library/CloudStorage/OneDrive-Personal/Projects/2024-072-sern-skeena-fish-passage/data/photos/198916/20240925_123552_ds_typical_2.JPG,20240925_123552_ds_typical_2.JPG,32
198916,/Users/lucy/Library/CloudStorage/OneDrive-Personal/Projects/2024-072-sern-skeena-fish-passage/data/photos/198916/20240925_123556_ds_step.JPG,20240925_123556_ds_step.JPG,27
198916,/Users/lucy/Library/CloudStorage/OneDrive-Personal/Projects/2024-072-sern-skeena-fish-passage/data/photos/198916/20240925_123604_ds_pipe.JPG,20240925_123604_ds_pipe.JPG,27
198916,/Users/lucy/Library/CloudStorage/OneDrive-Personal/Projects/2024-072-sern-skeena-fish-passage/data/photos/198916/20240925_123616_ds_extra3.JPG,20240925_123616_ds_extra3.JPG,29
198916,/Users/lucy/Library/CloudStorage/OneDrive-Personal/Projects/2024-072-sern-skeena-fish-passage/data/photos/198916/20240925_123623_ds_extra4.JPG,20240925_123623_ds_extra4.JPG,29
198916,/Users/lucy/Library/CloudStorage/OneDrive-Personal/Projects/2024-072-sern-skeena-fish-passage/data/photos/198916/20240925_123655_ds_card.JPG,20240925_123655_ds_card.JPG,27
198916,/Users/lucy/Library/CloudStorage/OneDrive-Personal/Projects/2024-072-sern-skeena-fish-passage/data/photos/198916/20240925_125431_us_pool_k_.JPG,20240925_125431_us_pool_k_.JPG,30
198916,/Users/lucy/Library/CloudStorage/OneDrive-Personal/Projects/2024-072-sern-skeena-fish-passage/data/photos/198916/20240926_112601_ds_ef2_typical_1.JPG,20240926_112601_ds_ef2_typical_1.JPG,36
198916,/Users/lucy/Library/CloudStorage/OneDrive-Personal/Projects/2024-072-sern-skeena-fish-passage/data/photos/198916/20240926_112604_ds_ef2_typical_2.JPG,20240926_112604_ds_ef2_typical_2.JPG,36
198916,/Users/lucy/Library/CloudStorage/OneDrive-Personal/Projects/2024-072-sern-skeena-fish-passage/data/photos/198916/20240926_115027_ds_ef1_typical_1.JPG,20240926_115027_ds_ef1_typical_1.JPG,36
198916,/Users/lucy/Library/CloudStorage/OneDrive-Personal/Projects/2024-072-sern-skeena-fish-passage/data/photos/198916/20240926_115037_ds_ef1_typical_2.JPG,20240926_115037_ds_ef1_typical_2.JPG,36
198916,/Users/lucy/Library/CloudStorage/OneDrive-Personal/Projects/2024-072-sern-skeena-fish-passage/data/photos/198916/20240926_130525_us_ef1_typical_1.JPG,20240926_130525_us_ef1_typical_1.JPG,36
198916,/Users/lucy/Library/CloudStorage/OneDrive-Personal/Projects/2024-072-sern-skeena-fish-passage/data/photos/198916/20240926_130529_us_ef1_typical_2.JPG,20240926_130529_us_ef1_typical_2.JPG,36
198916,/Users/lucy/Library/CloudStorage/OneDrive-Personal/Projects/2024-072-sern-skeena-fish-passage/data/photos/198916/crossing_all.JPG,crossing_all.JPG,16
198916,/Users/lucy/Library/CloudStorage/OneDrive-Personal/Projects/2024-072-sern-skeena-fish-passage/data/photos/198916/IMG_6806.JPG,IMG_6806.JPG,12
198916,/Users/lucy/Library/CloudStorage/OneDrive-Personal/Projects/2024-072-sern-skeena-fish-passage/data/photos/198916/IMG_6807.JPG,IMG_6807.JPG,12
198916,/Users/lucy/Library/CloudStorage/OneDrive-Personal/Projects/2024-072-sern-skeena-fish-passage/data/photos/198916/IMG_6808.JPG,IMG_6808.JPG,12
198916,/Users/lucy/Library/CloudStorage/OneDrive-Personal/Projects/2024-072-sern-skeena-fish-passage/data/photos/198916/IMG_6809.JPG,IMG_6809.JPG,12
198916,/Users/lucy/Library/CloudStorage/OneDrive-Personal/Projects/2024-072-sern-skeena-fish-passage/data/photos/198916/IMG_6810.JPG,IMG_6810.JPG,12
198916,/Users/lucy/Library/CloudStorage/OneDrive-Personal/Projects/2024-072-sern-skeena-fish-passage/data/photos/198916/IMG_6811.JPG,IMG_6811.JPG,12
198916,/Users/lucy/Library/CloudStorage/OneDrive-Personal/Projects/2024-072-sern-skeena-fish-passage/data/photos/198916/IMG_6812.JPG,IMG_6812.JPG,12
198916,/Users/lucy/Library/CloudStorage/OneDrive-Personal/Projects/2024-072-sern-skeena-fish-passage/data/photos/198916/IMG_6813.JPG,IMG_6813.JPG,12
198916,/Users/lucy/Library/CloudStorage/OneDrive-Personal/Projects/2024-072-sern-skeena-fish-passage/data/photos/198916/IMG_6816.JPG,IMG_6816.JPG,12
198916,/Users/lucy/Library/CloudStorage/OneDrive-Personal/Projects/2024-072-sern-skeena-fish-passage/data/photos/198916/IMG_6819.JPG,IMG_6819.JPG,12
198916,/Users/lucy/Library/CloudStorage/OneDrive-Personal/Projects/2024-072-sern-skeena-fish-passage/data/photos/198916/IMG_6826.JPG,IMG_6826.JPG,12
198916,/Users/lucy/Library/CloudStorage/OneDrive-Personal/Projects/2024-072-sern-skeena-fish-passage/data/photos/198916/IMG_6827.JPG,IMG_6827.JPG,12
198916,/Users/lucy/Library/CloudStorage/OneDrive-Personal/Projects/2024-072-sern-skeena-fish-passage/data/photos/198916/IMG_6857.JPG,IMG_6857.JPG,12
198916,/Users/lucy/Library/CloudStorage/OneDrive-Personal/Projects/2024-072-sern-skeena-fish-passage/data/photos/198916/IMG_6858.JPG,IMG_6858.JPG,12
198916,/Users/lucy/Library/CloudStorage/OneDrive-Personal/Projects/2024-072-sern-skeena-fish-passage/data/photos/198916/IMG_6859.JPG,IMG_6859.JPG,12
198916,/Users/lucy/Library/CloudStorage/OneDrive-Personal/Projects/2024-072-sern-skeena-fish-passage/data/photos/198916/IMG_6860.JPG,IMG_6860.JPG,12
198916,/Users/lucy/Library/CloudStorage/OneDrive-Personal/Projects/2024-072-sern-skeena-fish-passage/data/photos/198916/IMG_6861.JPG,IMG_6861.JPG,12
198916,/Users/lucy/Library/CloudStorage/OneDrive-Personal/Projects/2024-072-sern-skeena-fish-passage/data/photos/198916/IMG_6862.JPG,IMG_6862.JPG,12
198916,/Users/lucy/Library/CloudStorage/OneDrive-Personal/Projects/2024-072-sern-skeena-fish-passage/data/photos/198916/IMG_6863.JPG,IMG_6863.JPG,12
198916,/Users/lucy/Library/CloudStorage/OneDrive-Personal/Projects/2024-072-sern-skeena-fish-passage/data/photos/198916/IMG_6864.JPG,IMG_6864.JPG,12
198916,/Users/lucy/Library/CloudStorage/OneDrive-Personal/Projects/2024-072-sern-skeena-fish-passage/data/photos/198916/IMG_6865.JPG,IMG_6865.JPG,12
198916,/Users/lucy/Library/CloudStorage/OneDrive-Personal/Projects/2024-072-sern-skeena-fish-passage/data/photos/198916/IMG_6866.JPG,IMG_6866.JPG,12
198916,/Users/lucy/Library/CloudStorage/OneDrive-Personal/Projects/2024-072-sern-skeena-fish-passage/data/photos/198916/IMG_6867.JPG,IMG_6867.JPG,12
198916,/Users/lucy/Library/CloudStorage/OneDrive-Personal/Projects/2024-072-sern-skeena-fish-passage/data/photos/198916/IMG_6868.JPG,IMG_6868.JPG,12
198916,/Users/lucy/Library/CloudStorage/OneDrive-Personal/Projects/2024-072-sern-skeena-fish-passage/data/photos/198916/IMG_6869.JPG,IMG_6869.JPG,12
198916,/Users/lucy/Library/CloudStorage/OneDrive-Personal/Projects/2024-072-sern-skeena-fish-passage/data/photos/198916/IMG_6870.JPG,IMG_6870.JPG,12
198916,/Users/lucy/Library/CloudStorage/OneDrive-Personal/Projects/2024-072-sern-skeena-fish-passage/data/photos/198916/IMG_6871.JPG,IMG_6871.JPG,12
198916,/Users/lucy/Library/CloudStorage/OneDrive-Personal/Projects/2024-072-sern-skeena-fish-passage/data/photos/198916/IMG_6872.JPG,IMG_6872.JPG,12
198916,/Users/lucy/Library/CloudStorage/OneDrive-Personal/Projects/2024-072-sern-skeena-fish-passage/data/photos/198916/IMG_6873.JPG,IMG_6873.JPG,12
198916,/Users/lucy/Library/CloudStorage/OneDrive-Personal/Projects/2024-072-sern-skeena-fish-passage/data/photos/198916/IMG_6874.JPG,IMG_6874.JPG,12
198916,/Users/lucy/Library/CloudStorage/OneDrive-Personal/Projects/2024-072-sern-skeena-fish-passage/data/photos/198916/IMG_6875.JPG,IMG_6875.JPG,12
198916,/Users/lucy/Library/CloudStorage/OneDrive-Personal/Projects/2024-072-sern-skeena-fish-passage/data/photos/198916/IMG_6876.JPG,IMG_6876.JPG,12
198916,/Users/lucy/Library/CloudStorage/OneDrive-Personal/Projects/2024-072-sern-skeena-fish-passage/data/photos/198916/IMG_6877.JPG,IMG_6877.JPG,12
198916,/Users/lucy/Library/CloudStorage/OneDrive-Personal/Projects/2024-072-sern-skeena-fish-passage/data/photos/198916/IMG_6878.JPG,IMG_6878.JPG,12
198916,/Users/lucy/Library/CloudStorage/OneDrive-Personal/Projects/2024-072-sern-skeena-fish-passage/data/photos/198916/IMG_6879.JPG,IMG_6879.JPG,12
198916,/Users/lucy/Library/CloudStorage/OneDrive-Personal/Projects/2024-072-sern-skeena-fish-passage/data/photos/198916/IMG_6880.JPG,IMG_6880.JPG,12
198916,/Users/lucy/Library/CloudStorage/OneDrive-Personal/Projects/2024-072-sern-skeena-fish-passage/data/photos/198916/IMG_6881.JPG,IMG_6881.JPG,12
198916,/Users/lucy/Library/CloudStorage/OneDrive-Personal/Projects/2024-072-sern-skeena-fish-passage/data/photos/198916/IMG_6882.JPG,IMG_6882.JPG,12
198916,/Users/lucy/Library/CloudStorage/OneDrive-Personal/Projects/2024-072-sern-skeena-fish-passage/data/photos/198916/IMG_6883.JPG,IMG_6883.JPG,12
198916,/Users/lucy/Library/CloudStorage/OneDrive-Personal/Projects/2024-072-sern-skeena-fish-passage/data/photos/198916/IMG_6884.JPG,IMG_6884.JPG,12
198916,/Users/lucy/Library/CloudStorage/OneDrive-Personal/Projects/2024-072-sern-skeena-fish-passage/data/photos/198916/IMG_6885.JPG,IMG_6885.JPG,12
198916,/Users/lucy/Library/CloudStorage/OneDrive-Personal/Projects/2024-072-sern-skeena-fish-passage/data/photos/198916/IMG_6886.JPG,IMG_6886.JPG,12
198916,/Users/lucy/Library/CloudStorage/OneDrive-Personal/Projects/2024-072-sern-skeena-fish-passage/data/photos/198916/IMG_6887.JPG,IMG_6887.JPG,12
198916,/Users/lucy/Library/CloudStorage/OneDrive-Personal/Projects/2024-072-sern-skeena-fish-passage/data/photos/198916/IMG_6888.JPG,IMG_6888.JPG,12
198916,/Users/lucy/Library/CloudStorage/OneDrive-Personal/Projects/2024-072-sern-skeena-fish-passage/data/photos/198916/IMG_6889.JPG,IMG_6889.JPG,12
198916,/Users/lucy/Library/CloudStorage/OneDrive-Personal/Projects/2024-072-sern-skeena-fish-passage/data/photos/198916/IMG_6890_fish_1_k_.JPG,IMG_6890_fish_1_k_.JPG,22
198916,/Users/lucy/Library/CloudStorage/OneDrive-Personal/Projects/2024-072-sern-skeena-fish-passage/data/photos/198916/IMG_6891.JPG,IMG_6891.JPG,12
198916,/Users/lucy/Library/CloudStorage/OneDrive-Personal/Projects/2024-072-sern-skeena-fish-passage/data/photos/198916/IMG_6892.JPG,IMG_6892.JPG,12
198916,/Users/lucy/Library/CloudStorage/OneDrive-Personal/Projects/2024-072-sern-skeena-fish-passage/data/photos/198916/IMG_6893.JPG,IMG_6893.JPG,12
198916,/Users/lucy/Library/CloudStorage/OneDrive-Personal/Projects/2024-072-sern-skeena-fish-passage/data/photos/198916/IMG_6894.JPG,IMG_6894.JPG,12
198916,/Users/lucy/Library/CloudStorage/OneDrive-Personal/Projects/2024-072-sern-skeena-fish-passage/data/photos/198916/IMG_6895.JPG,IMG_6895.JPG,12
198916,/Users/lucy/Library/CloudStorage/OneDrive-Personal/Projects/2024-072-sern-skeena-fish-passage/data/photos/198916/IMG_6896.JPG,IMG_6896.JPG,12
198916,/Users/lucy/Library/CloudStorage/OneDrive-Personal/Projects/2024-072-sern-skeena-fish-passage/data/photos/198916/IMG_6897.JPG,IMG_6897.JPG,12
198916,/Users/lucy/Library/CloudStorage/OneDrive-Personal/Projects/2024-072-sern-skeena-fish-passage/data/photos/198916/IMG_6900.JPG,IMG_6900.JPG,12
198916,/Users/lucy/Library/CloudStorage/OneDrive-Personal/Projects/2024-072-sern-skeena-fish-passage/data/photos/198916/IMG_6901.JPG,IMG_6901.JPG,12
198916,/Users/lucy/Library/CloudStorage/OneDrive-Personal/Projects/2024-072-sern-skeena-fish-passage/data/photos/198916/IMG_6902.JPG,IMG_6902.JPG,12
198916,/Users/lucy/Library/CloudStorage/OneDrive-Personal/Projects/2024-072-sern-skeena-fish-passage/data/photos/198916/IMG_6905.JPG,IMG_6905.JPG,12
198916,/Users/lucy/Library/CloudStorage/OneDrive-Personal/Projects/2024-072-sern-skeena-fish-passage/data/photos/198916/IMG_6906.JPG,IMG_6906.JPG,12
198916,/Users/lucy/Library/CloudStorage/OneDrive-Personal/Projects/2024-072-sern-skeena-fish-passage/data/photos/198916/IMG_6907.JPG,IMG_6907.JPG,12
198916,/Users/lucy/Library/CloudStorage/OneDrive-Personal/Projects/2024-072-sern-skeena-fish-passage/data/photos/198916/IMG_6908.JPG,IMG_6908.JPG,12
198916,/Users/lucy/Library/CloudStorage/OneDrive-Personal/Projects/2024-072-sern-skeena-fish-passage/data/photos/198916/IMG_6909.JPG,IMG_6909.JPG,12
198916,/Users/lucy/Library/CloudStorage/OneDrive-Personal/Projects/2024-072-sern-skeena-fish-passage/data/photos/198916/IMG_6911.JPG,IMG_6911.JPG,12
198916,/Users/lucy/Library/CloudStorage/OneDrive-Personal/Projects/2024-072-sern-skeena-fish-passage/data/photos/198916/IMG_6912.JPG,IMG_6912.JPG,12
198916,/Users/lucy/Library/CloudStorage/OneDrive-Personal/Projects/2024-072-sern-skeena-fish-passage/data/photos/198916/IMG_6913.JPG,IMG_6913.JPG,12
198916,/Users/lucy/Library/CloudStorage/OneDrive-Personal/Projects/2024-072-sern-skeena-fish-passage/data/photos/198916/TC_00446.JPG,TC_00446.JPG,12
198916,/Users/lucy/Library/CloudStorage/OneDrive-Personal/Projects/2024-072-sern-skeena-fish-passage/data/photos/198916/TC_00450.JPG,TC_00450.JPG,12
198916,/Users/lucy/Library/CloudStorage/OneDrive-Personal/Projects/2024-072-sern-skeena-fish-passage/data/photos/198916/TC_00451.JPG,TC_00451.JPG,12
198916,/Users/lucy/Library/CloudStorage/OneDrive-Personal/Projects/2024-072-sern-skeena-fish-passage/data/photos/198916/TC_00452.JPG,TC_00452.JPG,12
198916,/Users/lucy/Library/CloudStorage/OneDrive-Personal/Projects/2024-072-sern-skeena-fish-passage/data/photos/198916/TC_00453.JPG,TC_00453.JPG,12
198916,/Users/lucy/Library/CloudStorage/OneDrive-Personal/Projects/2024-072-sern-skeena-fish-passage/data/photos/198916/TC_00454.JPG,TC_00454.JPG,12
198916,/Users/lucy/Library/CloudStorage/OneDrive-Personal/Projects/2024-072-sern-skeena-fish-passage/data/photos/198916/TC_00455.JPG,TC_00455.JPG,12
198916,/Users/lucy/Library/CloudStorage/OneDrive-Personal/Projects/2024-072-sern-skeena-fish-passage/data/photos/198916/TC_00457.JPG,TC_00457.JPG,12
198916,/Users/lucy/Library/CloudStorage/OneDrive-Personal/Projects/2024-072-sern-skeena-fish-passage/data/photos/198916/TC_00458.JPG,TC_00458.JPG,12
198916,/Users/lucy/Library/CloudStorage/OneDrive-Personal/Projects/2024-072-sern-skeena-fish-passage/data/photos/198916/TC_00459.JPG,TC_00459.JPG,12
198916,/Users/lucy/Library/CloudStorage/OneDrive-Personal/Projects/2024-072-sern-skeena-fish-passage/data/photos/198916/TC_00465.JPG,TC_00465.JPG,12
198916,/Users/lucy/Library/CloudStorage/OneDrive-Personal/Projects/2024-072-sern-skeena-fish-passage/data/photos/198916/TC_00511.JPG,TC_00511.JPG,12
58264,/Users/lucy/Library/CloudStorage/OneDrive-Personal/Projects/2024-072-sern-skeena-fish-passage/data/photos/58264/20240920_115636_ds_stspawninglocation_k_.JPG,20240920_115636_ds_stspawninglocation_k_.JPG,44
58264,/Users/lucy/Library/CloudStorage/OneDrive-Personal/Projects/2024-072-sern-skeena-fish-passage/data/photos/58264/20240920_115751_ds_gravel.JPG,20240920_115751_ds_gravel.JPG,29
58264,/Users/lucy/Library/CloudStorage/OneDrive-Personal/Projects/2024-072-sern-skeena-fish-passage/data/photos/58264/20240927_145922_us_gravel.JPG,20240927_145922_us_gravel.JPG,29
58264,/Users/lucy/Library/CloudStorage/OneDrive-Personal/Projects/2024-072-sern-skeena-fish-passage/data/photos/58264/20240927_145932_us_pool.JPG,20240927_145932_us_pool.JPG,27
58264,/Users/lucy/Library/CloudStorage/OneDrive-Personal/Projects/2024-072-sern-skeena-fish-passage/data/photos/58264/20240927_145942_us_typical_1_k_.JPG,20240927_145942_us_typical_1_k_.JPG,35
58264,/Users/lucy/Library/CloudStorage/OneDrive-Personal/Projects/2024-072-sern-skeena-fish-passage/data/photos/58264/20240927_145951_us_typical_2.JPG,20240927_145951_us_typical_2.JPG,32
58264,/Users/lucy/Library/CloudStorage/OneDrive-Personal/Projects/2024-072-sern-skeena-fish-passage/data/photos/58264/20240927_145958_us_cascade8mlong.JPG,20240927_145958_us_cascade8mlong.JPG,36
58264,/Users/lucy/Library/CloudStorage/OneDrive-Personal/Projects/2024-072-sern-skeena-fish-passage/data/photos/58264/20240927_150021_us_card.JPG,20240927_150021_us_card.JPG,27
58264,/Users/lucy/Library/CloudStorage/OneDrive-Personal/Projects/2024-072-sern-skeena-fish-passage/data/photos/58264/crossing_all.JPG,crossing_all.JPG,16
58264,/Users/lucy/Library/CloudStorage/OneDrive-Personal/Projects/2024-072-sern-skeena-fish-passage/data/photos/58264/IMG_4711.JPG,IMG_4711.JPG,12
58264,/Users/lucy/Library/CloudStorage/OneDrive-Personal/Projects/2024-072-sern-skeena-fish-passage/data/photos/58264/IMG_6446.JPG,IMG_6446.JPG,12
58264,/Users/lucy/Library/CloudStorage/OneDrive-Personal/Projects/2024-072-sern-skeena-fish-passage/data/photos/58264/IMG_6447.JPG,IMG_6447.JPG,12
58264,/Users/lucy/Library/CloudStorage/OneDrive-Personal/Projects/2024-072-sern-skeena-fish-passage/data/photos/58264/IMG_6448.JPG,IMG_6448.JPG,12
58264,/Users/lucy/Library/CloudStorage/OneDrive-Personal/Projects/2024-072-sern-skeena-fish-passage/data/photos/58264/IMG_6449.JPG,IMG_6449.JPG,12
58264,/Users/lucy/Library/CloudStorage/OneDrive-Personal/Projects/2024-072-sern-skeena-fish-passage/data/photos/58264/IMG_6450.JPG,IMG_6450.JPG,12
58264,/Users/lucy/Library/CloudStorage/OneDrive-Personal/Projects/2024-072-sern-skeena-fish-passage/data/photos/58264/IMG_6458.JPG,IMG_6458.JPG,12
58264,/Users/lucy/Library/CloudStorage/OneDrive-Personal/Projects/2024-072-sern-skeena-fish-passage/data/photos/58264/IMG_6460.JPG,IMG_6460.JPG,12
58264,/Users/lucy/Library/CloudStorage/OneDrive-Personal/Projects/2024-072-sern-skeena-fish-passage/data/photos/58264/IMG_6461.JPG,IMG_6461.JPG,12
58264,/Users/lucy/Library/CloudStorage/OneDrive-Personal/Projects/2024-072-sern-skeena-fish-passage/data/photos/58264/IMG_6464.JPG,IMG_6464.JPG,12
58264,/Users/lucy/Library/CloudStorage/OneDrive-Personal/Projects/2024-072-sern-skeena-fish-passage/data/photos/58264/IMG_6465.JPG,IMG_6465.JPG,12
58264,/Users/lucy/Library/CloudStorage/OneDrive-Personal/Projects/2024-072-sern-skeena-fish-passage/data/photos/58264/IMG_6466.JPG,IMG_6466.JPG,12
58264,/Users/lucy/Library/CloudStorage/OneDrive-Personal/Projects/2024-072-sern-skeena-fish-passage/data/photos/58264/IMG_6467.JPG,IMG_6467.JPG,12
58264,/Users/lucy/Library/CloudStorage/OneDrive-Personal/Projects/2024-072-sern-skeena-fish-passage/data/photos/58264/IMG_6468.JPG,IMG_6468.JPG,12
58264,/Users/lucy/Library/CloudStorage/OneDrive-Personal/Projects/2024-072-sern-skeena-fish-passage/data/photos/58264/IMG_6469.JPG,IMG_6469.JPG,12
58264,/Users/lucy/Library/CloudStorage/OneDrive-Personal/Projects/2024-072-sern-skeena-fish-passage/data/photos/58264/IMG_6470.JPG,IMG_6470.JPG,12
58264,/Users/lucy/Library/CloudStorage/OneDrive-Personal/Projects/2024-072-sern-skeena-fish-passage/data/photos/58264/IMG_6471.JPG,IMG_6471.JPG,12
58264,/Users/lucy/Library/CloudStorage/OneDrive-Personal/Projects/2024-072-sern-skeena-fish-passage/data/photos/58264/IMG_6472.JPG,IMG_6472.JPG,12
58264,/Users/lucy/Library/CloudStorage/OneDrive-Personal/Projects/2024-072-sern-skeena-fish-passage/data/photos/58264/IMG_6474.JPG,IMG_6474.JPG,12
58264,/Users/lucy/Library/CloudStorage/OneDrive-Personal/Projects/2024-072-sern-skeena-fish-passage/data/photos/58264/IMG_6483.JPG,IMG_6483.JPG,12
58264,/Users/lucy/Library/CloudStorage/OneDrive-Personal/Projects/2024-072-sern-skeena-fish-passage/data/photos/58264/IMG_6484.JPG,IMG_6484.JPG,12
58264,/Users/lucy/Library/CloudStorage/OneDrive-Personal/Projects/2024-072-sern-skeena-fish-passage/data/photos/58264/IMG_6485.JPG,IMG_6485.JPG,12
58264,/Users/lucy/Library/CloudStorage/OneDrive-Personal/Projects/2024-072-sern-skeena-fish-passage/data/photos/58264/IMG_6486.JPG,IMG_6486.JPG,12
58264,/Users/lucy/Library/CloudStorage/OneDrive-Personal/Projects/2024-072-sern-skeena-fish-passage/data/photos/58264/IMG_6944.JPG,IMG_6944.JPG,12
58264,/Users/lucy/Library/CloudStorage/OneDrive-Personal/Projects/2024-072-sern-skeena-fish-passage/data/photos/58264/IMG_6945.JPG,IMG_6945.JPG,12
58264,/Users/lucy/Library/CloudStorage/OneDrive-Personal/Projects/2024-072-sern-skeena-fish-passage/data/photos/58264/IMG_6947.JPG,IMG_6947.JPG,12
58264,/Users/lucy/Library/CloudStorage/OneDrive-Personal/Projects/2024-072-sern-skeena-fish-passage/data/photos/58264/IMG_6948.JPG,IMG_6948.JPG,12
58264,/Users/lucy/Library/CloudStorage/OneDrive-Personal/Projects/2024-072-sern-skeena-fish-passage/data/photos/58264/IMG_6949.JPG,IMG_6949.JPG,12
58264,/Users/lucy/Library/CloudStorage/OneDrive-Personal/Projects/2024-072-sern-skeena-fish-passage/data/photos/58264/IMG_6950.JPG,IMG_6950.JPG,12
58264,/Users/lucy/Library/CloudStorage/OneDrive-Personal/Projects/2024-072-sern-skeena-fish-passage/data/photos/58264/IMG_6951.JPG,IMG_6951.JPG,12
58264,/Users/lucy/Library/CloudStorage/OneDrive-Personal/Projects/2024-072-sern-skeena-fish-passage/data/photos/58264/IMG_6952.JPG,IMG_6952.JPG,12
58264,/Users/lucy/Library/CloudStorage/OneDrive-Personal/Projects/2024-072-sern-skeena-fish-passage/data/photos/58264/IMG_6953.JPG,IMG_6953.JPG,12
58264,/Users/lucy/Library/CloudStorage/OneDrive-Personal/Projects/2024-072-sern-skeena-fish-passage/data/photos/58264/IMG_6955.JPG,IMG_6955.JPG,12
58264,/Users/lucy/Library/CloudStorage/OneDrive-Personal/Projects/2024-072-sern-skeena-fish-passage/data/photos/58264/IMG_6956.JPG,IMG_6956.JPG,12
58264,/Users/lucy/Library/CloudStorage/OneDrive-Personal/Projects/2024-072-sern-skeena-fish-passage/data/photos/58264/IMG_6957.JPG,IMG_6957.JPG,12
58264,/Users/lucy/Library/CloudStorage/OneDrive-Personal/Projects/2024-072-sern-skeena-fish-passage/data/photos/58264/IMG_6960.JPG,IMG_6960.JPG,12
58264,/Users/lucy/Library/CloudStorage/OneDrive-Personal/Projects/2024-072-sern-skeena-fish-passage/data/photos/58264/TC_00313.JPG,TC_00313.JPG,12
58264,/Users/lucy/Library/CloudStorage/OneDrive-Personal/Projects/2024-072-sern-skeena-fish-passage/data/photos/58264/TC_00314.JPG,TC_00314.JPG,12
58264,/Users/lucy/Library/CloudStorage/OneDrive-Personal/Projects/2024-072-sern-skeena-fish-passage/data/photos/58264/TC_00315.JPG,TC_00315.JPG,12
58264,/Users/lucy/Library/CloudStorage/OneDrive-Personal/Projects/2024-072-sern-skeena-fish-passage/data/photos/58264/TC_00316.JPG,TC_00316.JPG,12
58264,/Users/lucy/Library/CloudStorage/OneDrive-Personal/Projects/2024-072-sern-skeena-fish-passage/data/photos/58264/TC_00317.JPG,TC_00317.JPG,12
58264,/Users/lucy/Library/CloudStorage/OneDrive-Personal/Projects/2024-072-sern-skeena-fish-passage/data/photos/58264/TC_00318.JPG,TC_00318.JPG,12
58264,/Users/lucy/Library/CloudStorage/OneDrive-Personal/Projects/2024-072-sern-skeena-fish-passage/data/photos/58264/TC_00319_fish_1_k_.JPG,TC_00319_fish_1_k_.JPG,22
58264,/Users/lucy/Library/CloudStorage/OneDrive-Personal/Projects/2024-072-sern-skeena-fish-passage/data/photos/58264/TC_00320.JPG,TC_00320.JPG,12
58264,/Users/lucy/Library/CloudStorage/OneDrive-Personal/Projects/2024-072-sern-skeena-fish-passage/data/photos/58264/TC_00321.JPG,TC_00321.JPG,12
58264,/Users/lucy/Library/CloudStorage/OneDrive-Personal/Projects/2024-072-sern-skeena-fish-passage/data/photos/58264/TC_00322.JPG,TC_00322.JPG,12
58264,/Users/lucy/Library/CloudStorage/OneDrive-Personal/Projects/2024-072-sern-skeena-fish-passage/data/photos/58264/TC_00323.JPG,TC_00323.JPG,12
58264,/Users/lucy/Library/CloudStorage/OneDrive-Personal/Projects/2024-072-sern-skeena-fish-passage/data/photos/58264/TC_00324.JPG,TC_00324.JPG,12
58264,/Users/lucy/Library/CloudStorage/OneDrive-Personal/Projects/2024-072-sern-skeena-fish-passage/data/photos/58264/TC_00325.JPG,TC_00325.JPG,12
58264,/Users/lucy/Library/CloudStorage/OneDrive-Personal/Projects/2024-072-sern-skeena-fish-passage/data/photos/58264/TC_00326.JPG,TC_00326.JPG,12
58264,/Users/lucy/Library/CloudStorage/OneDrive-Personal/Projects/2024-072-sern-skeena-fish-passage/data/photos/58264/TC_00327.JPG,TC_00327.JPG,12
58264,/Users/lucy/Library/CloudStorage/OneDrive-Personal/Projects/2024-072-sern-skeena-fish-passage/data/photos/58264/TC_00328.JPG,TC_00328.JPG,12
58264,/Users/lucy/Library/CloudStorage/OneDrive-Personal/Projects/2024-072-sern-skeena-fish-passage/data/photos/58264/TC_00329.JPG,TC_00329.JPG,12
58264,/Users/lucy/Library/CloudStorage/OneDrive-Personal/Projects/2024-072-sern-skeena-fish-passage/data/photos/58264/TC_00330.JPG,TC_00330.JPG,12
58264,/Users/lucy/Library/CloudStorage/OneDrive-Personal/Projects/2024-072-sern-skeena-fish-passage/data/photos/58264/TC_00331.JPG,TC_00331.JPG,12
58264,/Users/lucy/Library/CloudStorage/OneDrive-Personal/Projects/2024-072-sern-skeena-fish-passage/data/photos/58264/TC_00332.JPG,TC_00332.JPG,12
58264,/Users/lucy/Library/CloudStorage/OneDrive-Personal/Projects/2024-072-sern-skeena-fish-passage/data/photos/58264/TC_00333.JPG,TC_00333.JPG,12
58264,/Users/lucy/Library/CloudStorage/OneDrive-Personal/Projects/2024-072-sern-skeena-fish-passage/data/photos/58264/TC_00334.JPG,TC_00334.JPG,12
58264,/Users/lucy/Library/CloudStorage/OneDrive-Personal/Projects/2024-072-sern-skeena-fish-passage/data/photos/58264/TC_00335.JPG,TC_00335.JPG,12
58264,/Users/lucy/Library/CloudStorage/OneDrive-Personal/Projects/2024-072-sern-skeena-fish-passage/data/photos/58264/TC_00336.JPG,TC_00336.JPG,12
58264,/Users/lucy/Library/CloudStorage/OneDrive-Personal/Projects/2024-072-sern-skeena-fish-passage/data/photos/58264/TC_00337.JPG,TC_00337.JPG,12
58264,/Users/lucy/Library/CloudStorage/OneDrive-Personal/Projects/2024-072-sern-skeena-fish-passage/data/photos/58264/TC_00338.JPG,TC_00338.JPG,12
58264,/Users/lucy/Library/CloudStorage/OneDrive-Personal/Projects/2024-072-sern-skeena-fish-passage/data/photos/58264/TC_00339.JPG,TC_00339.JPG,12
58264,/Users/lucy/Library/CloudStorage/OneDrive-Personal/Projects/2024-072-sern-skeena-fish-passage/data/photos/58264/TC_00340.JPG,TC_00340.JPG,12
58264,/Users/lucy/Library/CloudStorage/OneDrive-Personal/Projects/2024-072-sern-skeena-fish-passage/data/photos/58264/TC_00341.JPG,TC_00341.JPG,12
58264,/Users/lucy/Library/CloudStorage/OneDrive-Personal/Projects/2024-072-sern-skeena-fish-passage/data/photos/58264/TC_00342.JPG,TC_00342.JPG,12
58264,/Users/lucy/Library/CloudStorage/OneDrive-Personal/Projects/2024-072-sern-skeena-fish-passage/data/photos/58264/TC_00343.JPG,TC_00343.JPG,12
58264,/Users/lucy/Library/CloudStorage/OneDrive-Personal/Projects/2024-072-sern-skeena-fish-passage/data/photos/58264/TC_00344_fish_2_k_.JPG,TC_00344_fish_2_k_.JPG,22
58264,/Users/lucy/Library/CloudStorage/OneDrive-Personal/Projects/2024-072-sern-skeena-fish-passage/data/photos/58264/TC_00345.JPG,TC_00345.JPG,12
58264,/Users/lucy/Library/CloudStorage/OneDrive-Personal/Projects/2024-072-sern-skeena-fish-passage/data/photos/58264/TC_00346.JPG,TC_00346.JPG,12
58264,/Users/lucy/Library/CloudStorage/OneDrive-Personal/Projects/2024-072-sern-skeena-fish-passage/data/photos/58264/TC_00347.JPG,TC_00347.JPG,12
58264,/Users/lucy/Library/CloudStorage/OneDrive-Personal/Projects/2024-072-sern-skeena-fish-passage/data/photos/58264/TC_00348.JPG,TC_00348.JPG,12
58264,/Users/lucy/Library/CloudStorage/OneDrive-Personal/Projects/2024-072-sern-skeena-fish-passage/data/photos/58264/TC_00349.JPG,TC_00349.JPG,12
58264,/Users/lucy/Library/CloudStorage/OneDrive-Personal/Projects/2024-072-sern-skeena-fish-passage/data/photos/58264/TC_00350.JPG,TC_00350.JPG,12
58264,/Users/lucy/Library/CloudStorage/OneDrive-Personal/Projects/2024-072-sern-skeena-fish-passage/data/photos/58264/TC_00351.JPG,TC_00351.JPG,12
58264,/Users/lucy/Library/CloudStorage/OneDrive-Personal/Projects/2024-072-sern-skeena-fish-passage/data/photos/58264/TC_00352.JPG,TC_00352.JPG,12
58264,/Users/lucy/Library/CloudStorage/OneDrive-Personal/Projects/2024-072-sern-skeena-fish-passage/data/photos/58264/TC_00353.JPG,TC_00353.JPG,12
58264,/Users/lucy/Library/CloudStorage/OneDrive-Personal/Projects/2024-072-sern-skeena-fish-passage/data/photos/58264/TC_00354.JPG,TC_00354.JPG,12
58264,/Users/lucy/Library/CloudStorage/OneDrive-Personal/Projects/2024-072-sern-skeena-fish-passage/data/photos/58264/TC_00355.JPG,TC_00355.JPG,12
58264,/Users/lucy/Library/CloudStorage/OneDrive-Personal/Projects/2024-072-sern-skeena-fish-passage/data/photos/58264/TC_00356.JPG,TC_00356.JPG,12
58264,/Users/lucy/Library/CloudStorage/OneDrive-Personal/Projects/2024-072-sern-skeena-fish-passage/data/photos/58264/TC_00357.JPG,TC_00357.JPG,12
58264,/Users/lucy/Library/CloudStorage/OneDrive-Personal/Projects/2024-072-sern-skeena-fish-passage/data/photos/58264/TC_00358.JPG,TC_00358.JPG,12
58264,/Users/lucy/Library/CloudStorage/OneDrive-Personal/Projects/2024-072-sern-skeena-fish-passage/data/photos/58264/TC_00359.JPG,TC_00359.JPG,12
58264,/Users/lucy/Library/CloudStorage/OneDrive-Personal/Projects/2024-072-sern-skeena-fish-passage/data/photos/58264/TC_00360.JPG,TC_00360.JPG,12
58264,/Users/lucy/Library/CloudStorage/OneDrive-Personal/Projects/2024-072-sern-skeena-fish-passage/data/photos/58264/TC_00361.JPG,TC_00361.JPG,12
58264,/Users/lucy/Library/CloudStorage/OneDrive-Personal/Projects/2024-072-sern-skeena-fish-passage/data/photos/58264/TC_00362.JPG,TC_00362.JPG,12
58264,/Users/lucy/Library/CloudStorage/OneDrive-Personal/Projects/2024-072-sern-skeena-fish-passage/data/photos/58264/TC_00363.JPG,TC_00363.JPG,12
58264,/Users/lucy/Library/CloudStorage/OneDrive-Personal/Projects/2024-072-sern-skeena-fish-passage/data/photos/58264/TC_00364.JPG,TC_00364.JPG,12
58264,/Users/lucy/Library/CloudStorage/OneDrive-Personal/Projects/2024-072-sern-skeena-fish-passage/data/photos/58264/TC_00365.JPG,TC_00365.JPG,12
58264,/Users/lucy/Library/CloudStorage/OneDrive-Personal/Projects/2024-072-sern-skeena-fish-passage/data/photos/58264/TC_00366.JPG,TC_00366.JPG,12
58264,/Users/lucy/Library/CloudStorage/OneDrive-Personal/Projects/2024-072-sern-skeena-fish-passage/data/photos/58264/TC_00367.JPG,TC_00367.JPG,12
58264,/Users/lucy/Library/CloudStorage/OneDrive-Personal/Projects/2024-072-sern-skeena-fish-passage/data/photos/58264/TC_00368.JPG,TC_00368.JPG,12
58264,/Users/lucy/Library/CloudStorage/OneDrive-Personal/Projects/2024-072-sern-skeena-fish-passage/data/photos/58264/TC_00369.JPG,TC_00369.JPG,12
58264,/Users/lucy/Library/CloudStorage/OneDrive-Personal/Projects/2024-072-sern-skeena-fish-passage/data/photos/58264/TC_00370.JPG,TC_00370.JPG,12
58264,/Users/lucy/Library/CloudStorage/OneDrive-Personal/Projects/2024-072-sern-skeena-fish-passage/data/photos/58264/TC_00371.JPG,TC_00371.JPG,12
58264,/Users/lucy/Library/CloudStorage/OneDrive-Personal/Projects/2024-072-sern-skeena-fish-passage/data/photos/58264/TC_00372.JPG,TC_00372.JPG,12
58264,/Users/lucy/Library/CloudStorage/OneDrive-Personal/Projects/2024-072-sern-skeena-fish-passage/data/photos/58264/TC_00373.JPG,TC_00373.JPG,12
58264,/Users/lucy/Library/CloudStorage/OneDrive-Personal/Projects/2024-072-sern-skeena-fish-passage/data/photos/58264/TC_00374.JPG,TC_00374.JPG,12
58264,/Users/lucy/Library/CloudStorage/OneDrive-Personal/Projects/2024-072-sern-skeena-fish-passage/data/photos/58264/TC_00375.JPG,TC_00375.JPG,12
58264,/Users/lucy/Library/CloudStorage/OneDrive-Personal/Projects/2024-072-sern-skeena-fish-passage/data/photos/58264/TC_00376.JPG,TC_00376.JPG,12
58264,/Users/lucy/Library/CloudStorage/OneDrive-Personal/Projects/2024-072-sern-skeena-fish-passage/data/photos/58264/TC_00377.JPG,TC_00377.JPG,12
58264,/Users/lucy/Library/CloudStorage/OneDrive-Personal/Projects/2024-072-sern-skeena-fish-passage/data/photos/58264/TC_00378.JPG,TC_00378.JPG,12
58264,/Users/lucy/Library/CloudStorage/OneDrive-Personal/Projects/2024-072-sern-skeena-fish-passage/data/photos/58264/TC_00379.JPG,TC_00379.JPG,12
58264,/Users/lucy/Library/CloudStorage/OneDrive-Personal/Projects/2024-072-sern-skeena-fish-passage/data/photos/58264/TC_00380.JPG,TC_00380.JPG,12
58264,/Users/lucy/Library/CloudStorage/OneDrive-Personal/Projects/2024-072-sern-skeena-fish-passage/data/photos/58264/TC_00381.JPG,TC_00381.JPG,12
58264,/Users/lucy/Library/CloudStorage/OneDrive-Personal/Projects/2024-072-sern-skeena-fish-passage/data/photos/58264/TC_00382.JPG,TC_00382.JPG,12
58264,/Users/lucy/Library/CloudStorage/OneDrive-Personal/Projects/2024-072-sern-skeena-fish-passage/data/photos/58264/TC_00383.JPG,TC_00383.JPG,12
58264,/Users/lucy/Library/CloudStorage/OneDrive-Personal/Projects/2024-072-sern-skeena-fish-passage/data/photos/58264/TC_00384.JPG,TC_00384.JPG,12
58264,/Users/lucy/Library/CloudStorage/OneDrive-Personal/Projects/2024-072-sern-skeena-fish-passage/data/photos/58264/TC_00385.JPG,TC_00385.JPG,12
58264,/Users/lucy/Library/CloudStorage/OneDrive-Personal/Projects/2024-072-sern-skeena-fish-passage/data/photos/58264/TC_00386.JPG,TC_00386.JPG,12
58264,/Users/lucy/Library/CloudStorage/OneDrive-Personal/Projects/2024-072-sern-skeena-fish-passage/data/photos/58264/TC_00387.JPG,TC_00387.JPG,12
58264,/Users/lucy/Library/CloudStorage/OneDrive-Personal/Projects/2024-072-sern-skeena-fish-passage/data/photos/58264/TC_00388.JPG,TC_00388.JPG,12
58264,/Users/lucy/Library/CloudStorage/OneDrive-Personal/Projects/2024-072-sern-skeena-fish-passage/data/photos/58264/TC_00389.JPG,TC_00389.JPG,12
58264,/Users/lucy/Library/CloudStorage/OneDrive-Personal/Projects/2024-072-sern-skeena-fish-passage/data/photos/58264/TC_00390.JPG,TC_00390.JPG,12
58264,/Users/lucy/Library/CloudStorage/OneDrive-Personal/Projects/2024-072-sern-skeena-fish-passage/data/photos/58264/TC_00391.JPG,TC_00391.JPG,12
58264,/Users/lucy/Library/CloudStorage/OneDrive-Personal/Projects/2024-072-sern-skeena-fish-passage/data/photos/58264/TC_00392.JPG,TC_00392.JPG,12
58264,/Users/lucy/Library/CloudStorage/OneDrive-Personal/Projects/2024-072-sern-skeena-fish-passage/data/photos/58264/TC_00393.JPG,TC_00393.JPG,12
58264,/Users/lucy/Library/CloudStorage/OneDrive-Personal/Projects/2024-072-sern-skeena-fish-passage/data/photos/58264/TC_00394.JPG,TC_00394.JPG,12
58264,/Users/lucy/Library/CloudStorage/OneDrive-Personal/Projects/2024-072-sern-skeena-fish-passage/data/photos/58264/TC_00395.JPG,TC_00395.JPG,12
58264,/Users/lucy/Library/CloudStorage/OneDrive-Personal/Projects/2024-072-sern-skeena-fish-passage/data/photos/58264/TC_00396_road.JPG,TC_00396_road.JPG,17
58264,/Users/lucy/Library/CloudStorage/OneDrive-Personal/Projects/2024-072-sern-skeena-fish-passage/data/photos/58264/TC_00397_inlet.JPG,TC_00397_inlet.JPG,18
58264,/Users/lucy/Library/CloudStorage/OneDrive-Personal/Projects/2024-072-sern-skeena-fish-passage/data/photos/58264/TC_00398_upstream.JPG,TC_00398_upstream.JPG,21
58264,/Users/lucy/Library/CloudStorage/OneDrive-Personal/Projects/2024-072-sern-skeena-fish-passage/data/photos/58264/TC_00399_barrel.JPG,TC_00399_barrel.JPG,19
58264,/Users/lucy/Library/CloudStorage/OneDrive-Personal/Projects/2024-072-sern-skeena-fish-passage/data/photos/58264/TC_00400_outlet.JPG,TC_00400_outlet.JPG,19
58264,/Users/lucy/Library/CloudStorage/OneDrive-Personal/Projects/2024-072-sern-skeena-fish-passage/data/photos/58264/TC_00401_downstream.JPG,TC_00401_downstream.JPG,23
58264,/Users/lucy/Library/CloudStorage/OneDrive-Personal/Projects/2024-072-sern-skeena-fish-passage/data/photos/58264/TC_00402.JPG,TC_00402.JPG,12
58264,/Users/lucy/Library/CloudStorage/OneDrive-Personal/Projects/2024-072-sern-skeena-fish-passage/data/photos/58264/TC_00403_paper_card.JPG,TC_00403_paper_card.JPG,23
58264,/Users/lucy/Library/CloudStorage/OneDrive-Personal/Projects/2024-072-sern-skeena-fish-passage/data/photos/58264/TC_00404.JPG,TC_00404.JPG,12
58264,/Users/lucy/Library/CloudStorage/OneDrive-Personal/Projects/2024-072-sern-skeena-fish-passage/data/photos/58264/TC_00549.JPG,TC_00549.JPG,12
58264,/Users/lucy/Library/CloudStorage/OneDrive-Personal/Projects/2024-072-sern-skeena-fish-passage/data/photos/58264/TC_00550.JPG,TC_00550.JPG,12
58264,/Users/lucy/Library/CloudStorage/OneDrive-Personal/Projects/2024-072-sern-skeena-fish-passage/data/photos/58264/TC_00551.JPG,TC_00551.JPG,12
58264,/Users/lucy/Library/CloudStorage/OneDrive-Personal/Projects/2024-072-sern-skeena-fish-passage/data/photos/58264/TC_00552.JPG,TC_00552.JPG,12
58264,/Users/lucy/Library/CloudStorage/OneDrive-Personal/Projects/2024-072-sern-skeena-fish-passage/data/photos/58264/TC_00553.JPG,TC_00553.JPG,12
58264,/Users/lucy/Library/CloudStorage/OneDrive-Personal/Projects/2024-072-sern-skeena-fish-passage/data/photos/58264/TC_00554.JPG,TC_00554.JPG,12
58264,/Users/lucy/Library/CloudStorage/OneDrive-Personal/Projects/2024-072-sern-skeena-fish-passage/data/photos/58264/TC_00555.JPG,TC_00555.JPG,12
58264,/Users/lucy/Library/CloudStorage/OneDrive-Personal/Projects/2024-072-sern-skeena-fish-passage/data/photos/58264/TC_00556.JPG,TC_00556.JPG,12
58264,/Users/lucy/Library/CloudStorage/OneDrive-Personal/Projects/2024-072-sern-skeena-fish-passage/data/photos/58264/TC_00557.JPG,TC_00557.JPG,12
58264,/Users/lucy/Library/CloudStorage/OneDrive-Personal/Projects/2024-072-sern-skeena-fish-passage/data/photos/58264/TC_00558.JPG,TC_00558.JPG,12
58264,/Users/lucy/Library/CloudStorage/OneDrive-Personal/Projects/2024-072-sern-skeena-fish-passage/data/photos/58264/TC_00559.JPG,TC_00559.JPG,12
58264,/Users/lucy/Library/CloudStorage/OneDrive-Personal/Projects/2024-072-sern-skeena-fish-passage/data/photos/58264/TC_00560.JPG,TC_00560.JPG,12
58264,/Users/lucy/Library/CloudStorage/OneDrive-Personal/Projects/2024-072-sern-skeena-fish-passage/data/photos/58264/TC_00561.JPG,TC_00561.JPG,12
58264,/Users/lucy/Library/CloudStorage/OneDrive-Personal/Projects/2024-072-sern-skeena-fish-passage/data/photos/58264/TC_00562.JPG,TC_00562.JPG,12
58264,/Users/lucy/Library/CloudStorage/OneDrive-Personal/Projects/2024-072-sern-skeena-fish-passage/data/photos/58264/TC_00563.JPG,TC_00563.JPG,12
58264,/Users/lucy/Library/CloudStorage/OneDrive-Personal/Projects/2024-072-sern-skeena-fish-passage/data/photos/58264/TC_00564.JPG,TC_00564.JPG,12
58264,/Users/lucy/Library/CloudStorage/OneDrive-Personal/Projects/2024-072-sern-skeena-fish-passage/data/photos/58264/TC_00565.JPG,TC_00565.JPG,12
58264,/Users/lucy/Library/CloudStorage/OneDrive-Personal/Projects/2024-072-sern-skeena-fish-passage/data/photos/58264/TC_00566.JPG,TC_00566.JPG,12
58264,/Users/lucy/Library/CloudStorage/OneDrive-Personal/Projects/2024-072-sern-skeena-fish-passage/data/photos/58264/TC_00567.JPG,TC_00567.JPG,12
58264,/Users/lucy/Library/CloudStorage/OneDrive-Personal/Projects/2024-072-sern-skeena-fish-passage/data/photos/58264/TC_00568.JPG,TC_00568.JPG,12
58264,/Users/lucy/Library/CloudStorage/OneDrive-Personal/Projects/2024-072-sern-skeena-fish-passage/data/photos/58264/TC_00569.JPG,TC_00569.JPG,12
58264,/Users/lucy/Library/CloudStorage/OneDrive-Personal/Projects/2024-072-sern-skeena-fish-passage/data/photos/58264/TC_00570.JPG,TC_00570.JPG,12
58264,/Users/lucy/Library/CloudStorage/OneDrive-Personal/Projects/2024-072-sern-skeena-fish-passage/data/photos/58264/TC_00571.JPG,TC_00571.JPG,12
58264,/Users/lucy/Library/CloudStorage/OneDrive-Personal/Projects/2024-072-sern-skeena-fish-passage/data/photos/58264/TC_00572.JPG,TC_00572.JPG,12
58264,/Users/lucy/Library/CloudStorage/OneDrive-Personal/Projects/2024-072-sern-skeena-fish-passage/data/photos/58264/TC_00573.JPG,TC_00573.JPG,12
198940,/Users/lucy/Library/CloudStorage/OneDrive-Personal/Projects/2024-072-sern-skeena-fish-passage/data/photos/198940/20240918_132219_us_gravel.JPG,20240918_132219_us_gravel.JPG,29
198940,/Users/lucy/Library/CloudStorage/OneDrive-Personal/Projects/2024-072-sern-skeena-fish-passage/data/photos/198940/20240918_132222_us_pool.JPG,20240918_132222_us_pool.JPG,27
198940,/Users/lucy/Library/CloudStorage/OneDrive-Personal/Projects/2024-072-sern-skeena-fish-passage/data/photos/198940/20240918_132230_us_typical_1_k_.JPG,20240918_132230_us_typical_1_k_.JPG,35
198940,/Users/lucy/Library/CloudStorage/OneDrive-Personal/Projects/2024-072-sern-skeena-fish-passage/data/photos/198940/20240918_132235_us_typical_2.JPG,20240918_132235_us_typical_2.JPG,32
198940,/Users/lucy/Library/CloudStorage/OneDrive-Personal/Projects/2024-072-sern-skeena-fish-passage/data/photos/198940/20240918_133936_ds_pool.JPG,20240918_133936_ds_pool.JPG,27
198940,/Users/lucy/Library/CloudStorage/OneDrive-Personal/Projects/2024-072-sern-skeena-fish-passage/data/photos/198940/20240918_141258_ds_gravel.JPG,20240918_141258_ds_gravel.JPG,29
198940,/Users/lucy/Library/CloudStorage/OneDrive-Personal/Projects/2024-072-sern-skeena-fish-passage/data/photos/198940/20240918_141310_ds_typical_1.JPG,20240918_141310_ds_typical_1.JPG,32
198940,/Users/lucy/Library/CloudStorage/OneDrive-Personal/Projects/2024-072-sern-skeena-fish-passage/data/photos/198940/20240918_141318_ds_typical_2_k_.JPG,20240918_141318_ds_typical_2_k_.JPG,35
198940,/Users/lucy/Library/CloudStorage/OneDrive-Personal/Projects/2024-072-sern-skeena-fish-passage/data/photos/198940/20240918_143715_road.JPG,20240918_143715_road.JPG,24
198940,/Users/lucy/Library/CloudStorage/OneDrive-Personal/Projects/2024-072-sern-skeena-fish-passage/data/photos/198940/20240918_143718_barrel.JPG,20240918_143718_barrel.JPG,26
198940,/Users/lucy/Library/CloudStorage/OneDrive-Personal/Projects/2024-072-sern-skeena-fish-passage/data/photos/198940/20240918_143726_upstream.JPG,20240918_143726_upstream.JPG,28
198940,/Users/lucy/Library/CloudStorage/OneDrive-Personal/Projects/2024-072-sern-skeena-fish-passage/data/photos/198940/20240918_143729_inlet.JPG,20240918_143729_inlet.JPG,25
198940,/Users/lucy/Library/CloudStorage/OneDrive-Personal/Projects/2024-072-sern-skeena-fish-passage/data/photos/198940/20240918_143733_outlet.JPG,20240918_143733_outlet.JPG,26
198940,/Users/lucy/Library/CloudStorage/OneDrive-Personal/Projects/2024-072-sern-skeena-fish-passage/data/photos/198940/20240918_143737_downstream.JPG,20240918_143737_downstream.JPG,30
198940,/Users/lucy/Library/CloudStorage/OneDrive-Personal/Projects/2024-072-sern-skeena-fish-passage/data/photos/198940/20240918_143744_embankment_fill.JPG,20240918_143744_embankment_fill.JPG,35
198940,/Users/lucy/Library/CloudStorage/OneDrive-Personal/Projects/2024-072-sern-skeena-fish-passage/data/photos/198940/20240918_143814_blockage.JPG,20240918_143814_blockage.JPG,28
198940,/Users/lucy/Library/CloudStorage/OneDrive-Personal/Projects/2024-072-sern-skeena-fish-passage/data/photos/198940/crossing_all.JPG,crossing_all.JPG,16
198940,/Users/lucy/Library/CloudStorage/OneDrive-Personal/Projects/2024-072-sern-skeena-fish-passage/data/photos/198940/IMG_6389.JPG,IMG_6389.JPG,12
198940,/Users/lucy/Library/CloudStorage/OneDrive-Personal/Projects/2024-072-sern-skeena-fish-passage/data/photos/198940/IMG_6394.JPG,IMG_6394.JPG,12
198940,/Users/lucy/Library/CloudStorage/OneDrive-Personal/Projects/2024-072-sern-skeena-fish-passage/data/photos/198940/IMG_6395.JPG,IMG_6395.JPG,12
198940,/Users/lucy/Library/CloudStorage/OneDrive-Personal/Projects/2024-072-sern-skeena-fish-passage/data/photos/198940/IMG_6397.JPG,IMG_6397.JPG,12
203122,/Users/lucy/Library/CloudStorage/OneDrive-Personal/Projects/2024-072-sern-skeena-fish-passage/data/photos/203122/20240920_134009_barrel.JPG,20240920_134009_barrel.JPG,26
203122,/Users/lucy/Library/CloudStorage/OneDrive-Personal/Projects/2024-072-sern-skeena-fish-passage/data/photos/203122/20240920_134012_upstream.JPG,20240920_134012_upstream.JPG,28
203122,/Users/lucy/Library/CloudStorage/OneDrive-Personal/Projects/2024-072-sern-skeena-fish-passage/data/photos/203122/20240920_134017_inlet.JPG,20240920_134017_inlet.JPG,25
203122,/Users/lucy/Library/CloudStorage/OneDrive-Personal/Projects/2024-072-sern-skeena-fish-passage/data/photos/203122/20240920_134638_outlet.JPG,20240920_134638_outlet.JPG,26
203122,/Users/lucy/Library/CloudStorage/OneDrive-Personal/Projects/2024-072-sern-skeena-fish-passage/data/photos/203122/20240920_134641_downstream.JPG,20240920_134641_downstream.JPG,30
203122,/Users/lucy/Library/CloudStorage/OneDrive-Personal/Projects/2024-072-sern-skeena-fish-passage/data/photos/203122/20240920_134645_road.JPG,20240920_134645_road.JPG,24
203122,/Users/lucy/Library/CloudStorage/OneDrive-Personal/Projects/2024-072-sern-skeena-fish-passage/data/photos/203122/20240920_140931_outlet2.JPG,20240920_140931_outlet2.JPG,27
203122,/Users/lucy/Library/CloudStorage/OneDrive-Personal/Projects/2024-072-sern-skeena-fish-passage/data/photos/203122/20240920_141001_barrel2.JPG,20240920_141001_barrel2.JPG,27
203122,/Users/lucy/Library/CloudStorage/OneDrive-Personal/Projects/2024-072-sern-skeena-fish-passage/data/photos/203122/crossing_all.JPG,crossing_all.JPG,16
203122,/Users/lucy/Library/CloudStorage/OneDrive-Personal/Projects/2024-072-sern-skeena-fish-passage/data/photos/203122/IMG_6487.JPG,IMG_6487.JPG,12
